<?xml version="1.0" encoding="utf-8"?>
<COLLADA xmlns="http://www.collada.org/2005/11/COLLADASchema" version="1.4.1" xmlns:xsi="http://www.w3.org/2001/XMLSchema-instance">
  <asset>
    <contributor>
      <author>Blender User</author>
      <authoring_tool>Blender 2.79.0 commit date:2018-03-22, commit time:14:10, hash:f4dc9f9d68b</authoring_tool>
    </contributor>
    <created>2018-08-16T09:12:31</created>
    <modified>2018-08-16T09:12:31</modified>
    <unit name="meter" meter="1"/>
    <up_axis>Z_UP</up_axis>
  </asset>
  <library_images/>
  <library_geometries>
    <geometry id="Cylinder_001-mesh" name="Cylinder.001">
      <mesh>
        <source id="Cylinder_001-mesh-positions">
          <float_array id="Cylinder_001-mesh-positions-array" count="48">0.07908284 0.174151 0.250552 0.1520121 0.1254212 0.250552 0.2007418 0.05249208 0.250552 0.2178534 -0.03353375 0.250552 0.2007418 -0.1195596 0.250552 0.1520121 -0.1924888 0.250552 0.07908284 -0.2412186 0.250552 -0.006943047 -0.2583302 0.250552 -0.09296894 -0.2412185 0.250552 -0.1658982 -0.1924887 0.250552 -0.2146279 -0.1195595 0.250552 -0.2317394 -0.03353351 0.250552 -0.2146278 0.05249232 0.250552 -0.1658979 0.1254214 0.250552 -0.09296858 0.1741511 0.250552 -0.006942629 0.1912626 0.250552</float_array>
          <technique_common>
            <accessor source="#Cylinder_001-mesh-positions-array" count="16" stride="3">
              <param name="X" type="float"/>
              <param name="Y" type="float"/>
              <param name="Z" type="float"/>
            </accessor>
          </technique_common>
        </source>
        <source id="Cylinder_001-mesh-normals">
          <float_array id="Cylinder_001-mesh-normals-array" count="12">0 0 1 6.57706e-7 0 1 6.57706e-7 0 1 -1.59587e-7 0 1</float_array>
          <technique_common>
            <accessor source="#Cylinder_001-mesh-normals-array" count="4" stride="3">
              <param name="X" type="float"/>
              <param name="Y" type="float"/>
              <param name="Z" type="float"/>
            </accessor>
          </technique_common>
        </source>
        <source id="Cylinder_001-mesh-map-0">
          <float_array id="Cylinder_001-mesh-map-0-array" count="56">0.9919531 0.2980141 0.9557622 0.3853865 0.8888902 0.4522585 0.991953 0.2034428 0.8015177 0.4884494 0.7069464 0.4884494 0.619574 0.4522585 0.8888902 0.4522585 0.88889 0.04919832 0.9557622 0.1160703 0.991953 0.2034428 0.8015176 0.01300746 0.6195738 0.04919856 0.7069464 0.01300758 0.8015176 0.01300746 0.5527019 0.1160707 0.5527021 0.3853865 0.5165112 0.2980141 0.5165113 0.2034428 0.619574 0.4522585 0.5165113 0.2034428 0.5527019 0.1160707 0.8015176 0.01300746 0.619574 0.4522585 0.8888902 0.4522585 0.619574 0.4522585 0.8015176 0.01300746 0.991953 0.2034428</float_array>
          <technique_common>
            <accessor source="#Cylinder_001-mesh-map-0-array" count="28" stride="2">
              <param name="S" type="float"/>
              <param name="T" type="float"/>
            </accessor>
          </technique_common>
        </source>
        <vertices id="Cylinder_001-mesh-vertices">
          <input semantic="POSITION" source="#Cylinder_001-mesh-positions"/>
        </vertices>
        <polylist count="7">
          <input semantic="VERTEX" source="#Cylinder_001-mesh-vertices" offset="0"/>
          <input semantic="NORMAL" source="#Cylinder_001-mesh-normals" offset="1"/>
          <input semantic="TEXCOORD" source="#Cylinder_001-mesh-map-0" offset="2" set="0"/>
          <vcount>4 4 4 4 4 4 4 </vcount>
          <p>8 0 0 7 0 1 6 0 2 9 0 3 5 0 4 4 0 5 3 0 6 6 0 7 11 1 8 10 1 9 9 1 10 12 1 11 14 2 12 13 2 13 12 2 14 15 2 15 2 0 16 1 0 17 0 0 18 3 0 19 0 3 20 15 3 21 12 3 22 3 3 23 6 0 24 3 0 25 12 0 26 9 0 27</p>
        </polylist>
      </mesh>
    </geometry>
    <geometry id="Cylinder-mesh" name="Cylinder">
      <mesh>
        <source id="Cylinder-mesh-positions">
          <float_array id="Cylinder-mesh-positions-array" count="786">0.1078327 0.2801206 -0.6991814 0.1295822 0.3326285 0.8676399 0.2051349 0.2151054 -0.6991814 0.2453227 0.2552931 0.8676399 0.2701501 0.1178032 -0.6991814 0.322658 0.1395527 0.8676399 -0.2644456 0.3884085 0.3799044 0.3498145 0.003027498 0.8676399 0.2701501 -0.111748 -0.6991814 0.322658 -0.1334975 0.8676399 0.2051349 -0.2090502 -0.6991814 0.2453227 -0.2492381 0.8676399 0.1078327 -0.2740655 -0.6991814 0.1295822 -0.3265735 0.8676399 -0.006942987 -0.2968958 -0.6991814 -0.006943047 -0.35373 0.8676399 -0.1217187 -0.2740655 -0.6991814 -0.1434683 -0.3265734 0.8676399 -0.2190209 -0.2090501 -0.6991814 -0.2592087 -0.249238 0.8676399 -0.2840361 -0.1117479 -0.6991814 -0.336544 -0.1334974 0.8676399 -0.1939981 0.4546204 0.2723303 -0.3637005 0.003027856 0.8676399 -0.2840359 0.1178035 -0.6991814 -0.3365438 0.139553 0.8676399 -0.2190205 0.2151057 -0.6991814 -0.2592083 0.2552935 0.8676399 -0.1217182 0.2801208 -0.6991814 -0.1434676 0.3326287 0.8676399 -0.006942451 0.302951 -0.6991814 -0.006942391 0.3597851 0.8676399 0.1442288 0.3679884 0.7972623 0.1863224 0.4696115 0.1647561 0.1863224 0.4696115 -0.1391779 0.1480956 0.3773237 -0.579223 0.272386 0.2823565 0.7972623 0.3272171 0.3371876 0.3799044 0.3501649 0.3601354 0.1647561 0.3501649 0.3601354 -0.1391779 0.2795309 0.2895014 -0.579223 0.3580179 0.1541993 0.7972623 0.4296582 0.1838736 0.3799044 0.459641 0.1962929 0.1647561 0.459641 0.1962929 -0.1391779 0.3673532 0.158066 -0.579223 0.3880879 0.003027498 0.7972623 -0.2644463 -0.3823531 0.3799044 0.08968961 -0.4827778 0.1647561 -0.1035758 -0.4827778 0.1647561 0.2505602 -0.3823531 0.3799044 0.3580179 -0.1481441 0.7972623 0.4296583 -0.1778185 0.3799044 0.459641 -0.1902378 0.1647561 0.459641 -0.1902378 -0.1391779 0.3673533 -0.1520109 -0.579223 0.272386 -0.2763014 0.7972623 0.3272171 -0.3311326 0.3799044 0.350165 -0.3540804 0.1647561 0.350165 -0.3540804 -0.1391779 0.2795309 -0.2834463 -0.579223 0.1442287 -0.3619334 0.7972623 0.1863223 -0.4635565 0.1647561 0.1863223 -0.4635565 -0.1391779 0.1480956 -0.3712686 -0.579223 -0.006943047 -0.3920032 0.7972623 -0.006943047 -0.5019992 0.1647561 -0.006943047 -0.5019992 -0.1391779 -0.006943047 -0.4021077 -0.579223 -0.1581148 -0.3619333 0.7972623 -0.2002086 -0.4635564 0.1647561 -0.2002086 -0.4635564 -0.1391779 -0.1619817 -0.3712686 -0.579223 -0.2862721 -0.2763013 0.7972623 -0.3411033 -0.3311324 0.3799044 -0.3640511 -0.3540802 0.1647561 -0.3640511 -0.3540802 -0.1391779 -0.293417 -0.2834461 -0.579223 -0.371904 -0.1481439 0.7972623 -0.4435443 -0.1778183 0.3799044 -0.473527 -0.1902375 0.1647561 -0.473527 -0.1902375 -0.1391779 -0.3812393 -0.1520107 -0.579223 -0.4019737 0.003027856 0.7972623 0.2154541 -0.3298133 0.7071088 -0.2293401 -0.3298131 0.7071088 0.2154541 0.3358683 0.7071088 -0.2293396 0.3358686 0.7071088 -0.3719037 0.1541997 0.7972623 -0.443544 0.1838741 0.3799044 -0.4735267 0.1962934 0.1647561 -0.4735267 0.1962934 -0.1391779 -0.381239 0.1580665 -0.579223 -0.2862716 0.2823569 0.7972623 -0.3411026 0.3371881 0.3799044 -0.3640505 0.3601359 0.1647561 -0.3640505 0.3601359 -0.1391779 -0.2934165 0.2895018 -0.579223 -0.1581141 0.3679886 0.7972623 -0.2002077 0.4696117 0.1647561 -0.2002077 0.4696117 -0.1391779 -0.1619809 0.377324 -0.579223 -0.006942331 0.3980584 0.7972623 -0.006942152 0.5080543 0.1647561 -0.006942152 0.5080543 -0.1391779 -0.006942272 0.4081628 -0.579223 0.1733742 0.4383516 -0.3922685 0.3262397 0.3362101 -0.3922685 0.4283812 0.1833446 -0.3922685 -0.1035749 0.488833 0.1647561 0.4283812 -0.1772896 -0.3922685 0.3262397 -0.3301551 -0.3922685 0.1733741 -0.4322966 -0.3922685 -0.006943047 -0.4681639 -0.3922685 -0.1872603 -0.4322965 -0.3922685 -0.3401258 -0.3301549 -0.3922685 -0.4422672 -0.1772893 -0.3922685 0.1801128 0.4546201 0.2723303 -0.4422669 0.1833451 -0.3922685 -0.3401252 0.3362106 -0.3922685 -0.1872594 0.4383519 -0.3922685 -0.006942212 0.4742189 -0.3922685 0.1160517 0.299963 0.8676399 0.2203215 0.230292 0.8676399 0.2899925 0.1260222 0.8676399 0.3144576 0.003027558 0.8676399 0.2899925 -0.1199671 0.8676399 0.2203216 -0.2242369 0.8676399 0.1160517 -0.2939079 0.8676399 -0.006942987 -0.318373 0.8676399 -0.1299377 -0.2939078 0.8676399 -0.2342076 -0.2242369 0.8676399 -0.3038786 -0.1199669 0.8676399 -0.3283435 0.003027796 0.8676399 -0.3038783 0.1260225 0.8676399 -0.2342072 0.2302923 0.8676399 -0.1299372 0.2999632 0.8676399 -0.006942451 0.3244282 0.8676399 0.1160517 0.299963 0.8271489 0.2203215 0.230292 0.8271489 0.2899925 0.1260222 0.8271489 0.3144576 0.003027558 0.8271489 0.2899925 -0.1199671 0.8271489 0.2203216 -0.2242369 0.8271489 0.1160517 -0.2939079 0.8271489 -0.006942987 -0.318373 0.8271489 -0.1299377 -0.2939078 0.8271489 -0.2342076 -0.2242369 0.8271489 -0.3038786 -0.1199669 0.8271489 -0.3283435 0.003027796 0.8271489 -0.3038783 0.1260225 0.8271489 -0.2342072 0.2302923 0.8271489 -0.1299372 0.2999632 0.8271489 -0.006942451 0.3244282 0.8271489 0.09478437 0.248619 0.8271489 0.1810247 0.1909952 0.8271489 0.2386487 0.1047549 0.8271489 0.2588834 0.003027558 0.8271489 0.2386486 -0.09869974 0.8271489 0.1810247 -0.18494 0.8271489 0.09478437 -0.242564 0.8271489 -0.006942987 -0.2627988 0.8271489 -0.1086704 -0.2425639 0.8271489 -0.1949107 -0.18494 0.8271489 -0.2525346 -0.09869956 0.8271489 -0.2727693 0.003027796 0.8271489 -0.2525344 0.1047552 0.8271489 -0.1949104 0.1909954 0.8271489 -0.1086699 0.2486193 0.8271489 -0.00694251 0.268854 0.8271489 0.0790829 0.2107123 0.7560518 0.1520121 0.1619826 0.7560518 0.2007418 0.08905339 0.7560518 0.2178534 0.003027558 0.7560518 0.2007418 -0.08299821 0.7560518 0.1520121 -0.1559274 0.7560518 0.0790829 -0.2046572 0.7560518 -0.006942987 -0.2217688 0.7560518 -0.09296888 -0.2046571 0.7560518 -0.165898 -0.1559274 0.7560518 -0.2146278 -0.08299809 0.7560518 -0.2317393 0.003027737 0.7560518 -0.2146276 0.08905369 0.7560518 -0.1658978 0.1619828 0.7560518 -0.09296846 0.2107125 0.7560518 -0.00694257 0.227824 0.7560518 0.149248 0.3801059 0.7071088 0.2816603 0.2916308 0.7071088 0.3701354 0.1592184 0.7071088 0.08969008 0.4888329 0.1647561 0.3701354 -0.1531634 0.7071088 0.2816603 -0.2855757 0.7071088 0.149248 -0.3740508 0.7071088 -0.006943047 -0.4051191 0.7071088 -0.163134 -0.3740507 0.7071088 -0.2955464 -0.2855756 0.7071088 -0.3840214 -0.1531631 0.7071088 0.2505602 0.3884081 0.3799044 -0.3840212 0.1592189 0.7071088 -0.2955459 0.2916312 0.7071088 -0.1631333 0.3801061 0.7071088 -0.006942331 0.4111741 0.7071088 0.4084966 0.158066 -0.5792229 0.3205863 0.1178032 -0.6991813 0.4427256 0.003027498 -0.5792229 0.3475721 0.003027558 -0.6991813 0.4084966 -0.1520109 -0.5792229 0.3205863 -0.111748 -0.6991813 -0.4223827 -0.1520107 -0.5792229 -0.3344723 -0.1117479 -0.6991813 -0.4566115 0.003027856 -0.5792229 -0.361458 0.003027796 -0.6991813 -0.4223824 0.1580664 -0.5792229 -0.334472 0.1178035 -0.6991813 0.4115846 0.1592184 0.7071087 0.4776504 0.1838736 0.3799044 0.5109288 0.1962928 0.1647561 0.5109288 0.1962928 -0.1391779 0.4762328 0.1833446 -0.3922685 0.446068 0.003027498 0.7071087 0.5175768 0.003027498 0.2223904 0.5160425 0.003027498 -0.197885 0.4115846 -0.1531634 0.7071087 0.4776504 -0.1778185 0.3799044 0.5109288 -0.1902378 0.1647561 0.5109288 -0.1902378 -0.1391779 0.4762328 -0.1772896 -0.3922685 -0.4254707 -0.1531631 0.7071087 -0.4915364 -0.1778183 0.3799044 -0.524815 -0.1902375 0.1647561 -0.524815 -0.1902375 -0.1391779 -0.4901189 -0.1772893 -0.3922685 -0.4599539 0.003027856 0.7071087 -0.5314629 0.003027915 0.2223904 -0.5299286 0.003027915 -0.197885 -0.4254704 0.1592189 0.7071087 -0.4915361 0.1838741 0.3799044 -0.5248146 0.1962934 0.1647561 -0.5248146 0.1962934 -0.1391779 -0.4901186 0.1833451 -0.3922685 0.4315105 0.003027498 0.7972623 0.3981352 -0.1481441 0.7972623 0.3981352 0.1541993 0.7972623 -0.4453964 0.003027856 0.7972623 -0.4120209 0.1541996 0.7972623 -0.4120212 -0.1481439 0.7972623 0.1801127 -0.4485651 0.2723303 -0.1939989 -0.448565 0.2723303 -0.006943047 -0.4504925 0.1647561 -0.006942152 0.4565476 0.1647561 0.2505602 -0.3430488 0.3799044 -0.1939981 0.4085632 0.2723303 0.08969008 0.4392865 0.1647561 -0.2644456 0.3491042 0.3799044 -0.1035749 0.4392866 0.1647561 0.08968961 -0.4332314 0.1647561 0.2505601 0.3491039 0.3799044 0.1801128 0.408563 0.2723303 -0.1035758 -0.4332314 0.1647561 -0.2644462 -0.3430488 0.3799044 0.1801127 -0.402508 0.2723303 -0.1939989 -0.4025079 0.2723303</float_array>
          <technique_common>
            <accessor source="#Cylinder-mesh-positions-array" count="262" stride="3">
              <param name="X" type="float"/>
              <param name="Y" type="float"/>
              <param name="Z" type="float"/>
            </accessor>
          </technique_common>
        </source>
        <source id="Cylinder-mesh-normals">
          <float_array id="Cylinder-mesh-normals-array" count="789">0.4902001 -0.733636 0.470619 0.5499998 -0.8231323 0.1412569 0.5495882 -0.8225174 0.1463495 0.5555703 -0.8314696 0 0.5508552 -0.824413 -0.1300075 0.5249438 -0.7856336 -0.3274353 0.4211802 -0.6303402 -0.6521338 5.8108e-7 1 0 1.28591e-6 0.948025 -0.3181959 -5.81079e-7 -1 0 2.57412e-6 0 -1 3.04703e-7 0.9983382 0.05762839 -3.04702e-7 -0.9983382 0.05762809 0.8653826 -0.1721351 0.4706193 0.7336361 0.4901999 0.4706189 0.8231325 0.5499994 0.141257 0.822517 0.5495887 0.1463494 0.8314697 0.5555703 0 0.824413 0.5508552 -0.1300073 0.7856337 0.5249438 -0.327435 0.6303405 0.4211799 -0.6521338 0.1478994 0.7435371 -0.6521338 0.1843366 0.9267181 -0.3274348 0.1934353 0.9724612 -0.1300074 0.1950909 0.9807852 0 8.21952e-7 0.9984538 0.05558794 0.1929903 0.970225 0.1463496 0.1931346 0.9709509 0.1412568 0.1721361 0.8653824 0.4706193 -0.4901982 0.7336369 0.4706193 -0.5499988 0.8231328 0.1412575 -0.5495873 0.8225179 0.1463491 -0.555569 0.8314706 0 -0.5508539 0.8244138 -0.1300072 -0.5249425 0.7856346 -0.3274349 -0.4211791 0.6303406 -0.652134 5.93103e-7 0.998694 -0.05109375 4.44264e-7 0.9971732 0.07513791 0 -0.9971732 0.07513797 4.43767e-7 -0.9909822 -0.1339936 -8.87534e-7 0.9909822 -0.1339941 0.4211799 0.6303405 -0.6521338 0.5249438 0.7856338 -0.3274348 0.5508552 0.824413 -0.1300075 0.5555705 0.8314695 0 0.5495887 0.822517 0.1463496 0 -1 0 -1.28591e-6 0.9480247 -0.3181967 0 1 0 0 -0.9983382 0.05762827 0 0.9983382 0.05762833 -1.17993e-6 -2.99442e-7 1 0.5499997 0.8231323 0.1412572 0.4901997 0.7336361 0.4706192 -0.8653827 0.1721358 0.4706189 -0.7336364 -0.4901994 0.4706189 -0.1721344 0.8653832 0.4706186 -0.1931326 0.9709512 0.1412572 -0.8231329 -0.5499991 0.1412571 -0.8225176 -0.5495877 0.1463493 -0.1929883 0.9702256 0.1463491 -0.1950889 0.9807856 0 -0.8314701 -0.5555695 0 -0.8244134 -0.5508546 -0.1300075 -0.1934331 0.9724617 -0.1300071 -0.1843342 0.9267187 -0.3274347 -0.785634 -0.5249433 -0.3274351 -0.6303403 -0.4211795 -0.6521341 -0.1478976 0.7435373 -0.652134 -0.6303399 0.4211807 -0.6521339 -0.1478989 -0.7435371 -0.6521338 -0.184336 -0.9267182 -0.327435 -0.7856332 0.5249447 -0.3274351 -0.8244124 0.5508561 -0.1300073 -0.1934347 -0.9724614 -0.1300072 -0.1950901 -0.9807854 -1.86604e-7 -0.8314689 0.5555712 0 -0.8225166 0.5495893 0.1463494 -0.1931344 -0.9709509 0.1412573 -0.8231319 0.5500004 0.1412572 -0.7336353 0.4902006 0.4706194 -0.1721356 -0.8653825 0.4706193 -0.4834945 0.7236008 0.4925799 -0.9807854 0.1950899 0 2.98292e-7 0 1 -0.8535459 0.1697805 0.4925791 -0.8314694 -0.5555707 0 0 0 1 -0.7236016 -0.4834943 0.4925791 -0.195091 -0.9807851 0 2.98293e-7 0 1 -0.1697819 -0.8535456 0.492579 0.5555696 -0.8314701 0 5.96583e-7 0 1 0.9807856 0.1950888 0 -8.61669e-7 0 1 0.4834941 -0.7236013 0.4925797 0.8314688 -0.5555715 0 0.9807852 -0.1950908 0 1.19317e-6 0 1 0.8535455 -0.169781 0.4925796 0.7236 -0.4834958 0.4925797 0.8535459 0.1697792 0.4925794 -1.19317e-6 0 1 -0.5555705 0.8314695 0 0.1697812 0.8535456 0.4925793 0.1950905 0.9807853 0 0.7236008 0.4834945 0.49258 2.98291e-7 0 1 0.8314697 0.5555702 0 0.1697788 -0.853546 0.4925794 -5.96583e-7 0 1 0.1950883 -0.9807857 0 -0.4834942 -0.7236015 0.4925792 -0.5555702 -0.8314697 0 -0.8535459 -0.1697805 0.4925792 7.80687e-7 0 1 -0.9807853 -0.1950905 0 -0.7236007 0.4834948 0.4925799 -1.19317e-6 0 1 -0.8314694 0.5555708 0 -0.1950895 0.9807854 0 -0.1697798 0.8535457 0.4925796 0.4834948 0.7236007 0.4925798 0.5555707 0.8314693 0 -2.63083e-6 0 1 1.31541e-6 0 1 -1.59587e-7 0 1 -1.86967e-7 0 1 0.8653827 0.1721349 0.470619 0.7336363 -0.4901998 0.4706189 0.8231324 -0.5499995 0.1412571 0.8225173 -0.5495883 0.1463492 0.8314698 -0.5555701 0 0.824413 -0.5508551 -0.1300073 0.7856335 -0.5249441 -0.3274351 0.6303401 -0.4211802 -0.652134 0.1478986 -0.743537 -0.652134 0.1843356 -0.9267184 -0.327435 0.193434 -0.9724615 -0.1300073 0.1950895 -0.9807856 0 0.1929889 -0.9702254 0.146349 0.193134 -0.9709509 0.1412576 0.1721348 -0.8653829 0.4706187 -0.4901999 -0.7336357 0.4706194 -0.5500002 -0.8231321 0.1412569 -0.8653831 -0.1721342 0.4706186 -5.05817e-7 0.9984538 0.05558794 2.35986e-6 2.99443e-7 1 1.26933e-7 -0.9971732 0.07513797 8.38448e-7 0 -1 -6.42956e-7 -0.9480251 -0.3181958 -1.26933e-7 0.9971732 0.07513809 -0.4211805 -0.6303399 -0.6521339 -0.5249441 -0.7856336 -0.327435 -0.5508554 -0.8244127 -0.1300076 -0.5555705 -0.8314695 0 -0.5495887 -0.822517 0.1463494 -1.42096e-6 0 1 1.42096e-6 0 1 -8.11979e-7 0 1 1.62396e-6 0 1 -1.62396e-6 0 1 1.82695e-6 0 1 1.42096e-6 0 1 -4.05989e-7 0 1 -2.57411e-6 0 -1 0.8163856 -0.5454914 0.189615 -0.816385 0.5454924 0.1896148 -0.8163861 -0.5454908 0.189615 -0.9942937 1.15206e-6 -0.1066784 0.9942937 2.37069e-6 -0.1066782 -5.05817e-7 -0.9984539 0.05558764 -0.54549 0.8163865 0.1896148 -0.9942936 0 -0.1066785 -2.96551e-7 0.998694 -0.05109387 0.8163856 0.5454914 0.1896147 -1.17993e-6 2.99444e-7 1 0.5454913 -0.8163856 0.189615 0.7684939 -0.1743541 -0.6156443 0.9119076 -0.2013281 -0.3576192 0.9645679 -0.2129546 0.1557536 0.9645679 0.2129546 0.1557536 0.9119074 0.2013286 -0.3576197 0.7684941 0.1743543 -0.6156439 -0.7684937 0.1743546 -0.6156444 -0.9119074 0.2013289 -0.3576194 -0.9645678 0.2129552 0.1557537 -0.9645681 -0.2129537 0.1557537 -0.9119079 -0.2013267 -0.3576194 -0.7684942 -0.174353 -0.6156442 -0.9851953 -0.09091609 0.1453428 -0.9851952 0.09091782 0.1453428 0.9851953 0.09091687 0.1453424 0.9851953 -0.09091687 0.1453424 5.05817e-7 -0.9984538 0.05558794 2.35986e-6 -2.99443e-7 1 -2.21883e-7 -0.9909824 -0.1339932 -2.96551e-7 -0.9986939 -0.05109363 8.87533e-7 0.9909822 -0.1339938 -1.67689e-6 0 -1 9.64434e-7 -0.9480249 -0.3181963 2.96551e-7 -0.998694 -0.05109381 -3.69481e-7 0 -1 7.38958e-7 0 -1 0 0 -1 7.38959e-7 0 -1 -1.29677e-7 0 -1 -1.29676e-7 0 -1 -0.836576 0 0.5478511 0.9942936 -1.15206e-6 -0.1066784 -0.7654929 2.77281e-7 0.6434445 -0.5499982 0.8231334 0.1412571 0.5454912 0.8163857 0.1896147 -0.8365761 3.39388e-7 0.5478509 0.5499998 0.8231324 0.1412569 -0.1929901 -0.9702251 0.1463491 -0.5454916 -0.8163854 0.1896151 -0.5500002 -0.823132 0.141257 0.5499997 -0.8231324 0.1412571 0.7654915 2.7728e-7 0.643446 -0.7654914 -1.3864e-7 0.6434463 0.8365762 -6.78775e-7 0.5478506 0 0 1 0.8365756 6.78775e-7 0.5478516 0.7654915 -2.7728e-7 0.643446 0 0 1 0.1870939 -0.9787383 0.08406704 -0.1870942 -0.9787383 0.08406704 -0.5542412 -0.8271172 0.09324175 -0.2340089 -0.968935 0.08003109 0.2340083 -0.9689351 0.08003091 0.5542407 -0.8271176 0.09324163 0.1870945 0.9787383 0.0840671 -0.1870926 0.9787386 0.0840671 -0.55424 0.827118 0.09324133 0.5542411 0.8271173 0.09324139 0.23401 0.9689347 0.08003079 -0.2340079 0.9689353 0.08003085 0.5495886 0.822517 0.1463492 -0.5495869 0.8225183 0.1463493 0.5495886 -0.822517 0.1463491 -0.5495887 -0.822517 0.1463493 -0.9995349 0.0304225 -0.002117574 -0.9879407 0.06834506 -0.1389328 -0.9879409 -0.06834232 -0.1389325 -0.9843148 0.08065152 0.1569066 -0.984315 -0.08064961 0.1569066 -0.999535 -0.03042048 -0.002117574 0.9879409 -0.06834328 -0.1389323 0.9879409 0.06834328 -0.1389323 0.984315 0.08065003 0.1569063 0.984315 -0.08065038 0.1569061 0.999535 -0.0304206 -0.002117633 0.999535 0.03042054 -0.002117633 -0.9819281 -0.01327067 -0.1887885 -0.9819281 0.01327258 -0.1887884 -0.9549813 -0.210837 0.2087069 -0.9549809 0.2108387 0.2087068 0.954981 -0.2108383 0.2087069 0.954981 0.2108383 0.2087069 0.9819283 0.01327091 -0.1887878 0.9819283 -0.01327091 -0.1887878</float_array>
          <technique_common>
            <accessor source="#Cylinder-mesh-normals-array" count="263" stride="3">
              <param name="X" type="float"/>
              <param name="Y" type="float"/>
              <param name="Z" type="float"/>
            </accessor>
          </technique_common>
        </source>
        <source id="Cylinder-mesh-map-0">
          <float_array id="Cylinder-mesh-map-0-array" count="2164">0.149235 0.4388191 0.1418972 0.4319497 0.1525937 0.4181416 0.161079 0.4235296 0.1973243 0.4663429 0.1859139 0.4670237 0.1964493 0.45639 0.2663432 0.462656 0.2380756 0.4527305 0.2506201 0.439616 0.2641778 0.4380253 0.3040113 0.4593446 0.2663432 0.462656 0.2641778 0.4380253 0.301846 0.4347138 0.301846 0.4347138 0.3338248 0.4327339 0.3358449 0.4557145 0.3040113 0.4593446 0.3604353 0.4519295 0.3358449 0.4557145 0.3338248 0.4327339 0.3586983 0.4321705 0.3799886 0.4476249 0.3604353 0.4519295 0.3586983 0.4321705 0.3787026 0.4329974 0.4583243 0.3692005 0.4588896 0.4071695 0.4524549 0.4072653 0.4518895 0.3692963 0.4810371 0.2975539 0.4690778 0.3136112 0.4639158 0.313688 0.4747091 0.2976481 0.4101448 0.1323555 0.4093711 0.09439021 0.4158052 0.09425902 0.4165788 0.1322244 0.4149188 0.2830656 0.4434173 0.2872488 0.4139999 0.2893271 0.4588896 0.4071695 0.4630495 0.4338466 0.4570282 0.4339362 0.4524549 0.4072653 0.4093711 0.09439021 0.405065 0.06773632 0.4110857 0.0676136 0.4158052 0.09425902 0.04378503 0.268519 0.04666388 0.2781494 0.03046822 0.28469 0.02585184 0.2757613 0.08209019 0.2645291 0.08125782 0.274546 0.06379216 0.2747282 0.06275087 0.2647309 0.08229207 0.2531014 0.08209019 0.2645291 0.06275087 0.2647309 0.06231063 0.2533098 0.08394241 0.1839966 0.08343285 0.2112914 0.06029725 0.211533 0.05921804 0.1842547 0.08354771 0.1461852 0.08394241 0.1839966 0.05921804 0.1842547 0.05882328 0.1464433 0.05882328 0.1464433 0.05931723 0.1144071 0.08238518 0.1141663 0.08354771 0.1461852 0.080509 0.08935719 0.08238518 0.1141663 0.05931723 0.1144071 0.06067502 0.0895642 0.07772636 0.06953006 0.080509 0.08935719 0.06067502 0.0895642 0.06304311 0.06968331 0.1124308 0.06916582 0.1271138 0.06900012 0.1299133 0.08882558 0.1100794 0.0890479 0.1100794 0.0890479 0.1299133 0.08882558 0.1318085 0.1136332 0.1087409 0.1138918 0.1318085 0.1136332 0.1329954 0.1456525 0.1082721 0.145927 0.1087409 0.1138918 0.1082721 0.145927 0.1329954 0.1456525 0.1333909 0.1835433 0.1210291 0.1836608 0.1086668 0.1837385 0.471122 0.474325 0.4728091 0.4855064 0.4677759 0.4855814 0.4659217 0.4744024 0.1086668 0.1837385 0.1210291 0.1836608 0.1091901 0.1974113 0.2604524 0.309263 0.2804316 0.3089431 0.2802908 0.320369 0.2609536 0.3206787 0.101131 0.2679203 0.1192114 0.2747868 0.1147824 0.2838099 0.09845381 0.2776087 0.1500331 0.2978785 0.142618 0.3046644 0.1296764 0.2929342 0.1357032 0.2848899 0.1811292 0.2520747 0.1809186 0.2635034 0.1711384 0.2521714 0.182833 0.1829786 0.1707345 0.2103865 0.1586375 0.196858 0.1581085 0.1832176 0.1824491 0.14517 0.182833 0.1829786 0.1581085 0.1832176 0.1577245 0.1454196 0.1577245 0.1454196 0.1582275 0.1133837 0.1812956 0.1131494 0.1824491 0.14517 0.1794194 0.08833688 0.1812956 0.1131494 0.1582275 0.1133837 0.1595854 0.08854389 0.1766368 0.06850975 0.1794194 0.08833688 0.1595854 0.08854389 0.1619535 0.06866306 0.4617732 0.3373742 0.4583243 0.3692005 0.4518895 0.3692963 0.4557695 0.3374636 0.4630495 0.4338466 0.471122 0.474325 0.4659217 0.4744024 0.4570282 0.4339362 0.405065 0.06773632 0.3967708 0.02730274 0.4019708 0.02719688 0.4110857 0.0676136 0.3925763 0.3385397 0.3845674 0.3150047 0.3897295 0.3149278 0.3985799 0.3384504 0.4760661 0.1629257 0.484204 0.1864164 0.4790425 0.1865215 0.4700629 0.163048 0.1024507 0.0692721 0.1052334 0.0890991 0.08539944 0.08930617 0.08776754 0.06942534 0.1052334 0.0890991 0.1071095 0.1139083 0.08404159 0.114149 0.08539944 0.08930617 0.1071095 0.1139083 0.1082721 0.145927 0.08354771 0.1461851 0.08404159 0.114149 0.1082721 0.145927 0.1086668 0.1837385 0.08394241 0.1839966 0.08354771 0.1461851 0.1086668 0.1837385 0.108412 0.1973868 0.09658944 0.2111557 0.08394241 0.1839966 0.3975364 0.4082183 0.3969712 0.3702493 0.4034074 0.370247 0.4039698 0.4080289 0.484204 0.1864164 0.4967219 0.202042 0.4903946 0.2021709 0.4790425 0.1865215 0.4707231 0.09327542 0.4714969 0.1312407 0.4650607 0.1312783 0.4642909 0.09350019 0.3941726 0.4350074 0.3975364 0.4082183 0.4039698 0.4080289 0.4001939 0.4349177 0.4739397 0.06646823 0.4707231 0.09327542 0.4642909 0.09350019 0.4679189 0.0665909 0.4184895 0.008498489 0.4378298 0.008443295 0.438908 0.01378405 0.4194856 0.01343268 0.1070164 0.252836 0.1068146 0.2642649 0.08747524 0.2644667 0.09702575 0.2529403 0.101131 0.2679203 0.09845381 0.2776087 0.08125782 0.274546 0.08209019 0.2645291 0.1703079 0.3306222 0.1609284 0.3342356 0.1531574 0.3185929 0.1617033 0.3133013 0.1772418 0.3685052 0.1671904 0.3684484 0.1656609 0.3510489 0.1755481 0.3492392 0.1357032 0.2848899 0.1296764 0.2929342 0.1147824 0.2838099 0.1192114 0.2747868 0.300411 0.309263 0.2999097 0.3206787 0.2805725 0.320369 0.2804316 0.3089431 0.1886511 0.3678246 0.1772418 0.3685052 0.1755481 0.3492392 0.1869011 0.3479188 0.2576773 0.3641405 0.2304242 0.3657354 0.228398 0.3426874 0.2555114 0.3395031 0.1581085 0.1832176 0.1578734 0.196905 0.1457511 0.1834037 0.1577245 0.1454196 0.1581085 0.1832176 0.1457511 0.1834037 0.1333909 0.1835433 0.1329954 0.1456525 0.2953444 0.3608159 0.2576773 0.3641405 0.2555114 0.3395031 0.2931796 0.3361917 0.3271786 0.3571923 0.2953444 0.3608159 0.2931796 0.3361917 0.3251584 0.3342117 0.156591 0.1133992 0.1577245 0.1454196 0.1329954 0.1456525 0.1335228 0.1136174 0.1547392 0.08858817 0.156591 0.1133992 0.1335228 0.1136174 0.1349048 0.08877587 0.351769 0.3534072 0.3271786 0.3571923 0.3251584 0.3342117 0.350032 0.3336484 0.3713223 0.3491028 0.351769 0.3534072 0.350032 0.3336484 0.3700363 0.3344753 0.1519758 0.06875836 0.1547392 0.08858817 0.1349048 0.08877587 0.1372924 0.0688973 0.2013612 0.06826031 0.2041438 0.08808737 0.1843098 0.08829444 0.186678 0.06841355 0.3757915 0.3982095 0.356246 0.402549 0.3544735 0.3827933 0.3744794 0.3835843 0.356246 0.402549 0.3316629 0.4063782 0.3296006 0.3834013 0.3544735 0.3827933 0.2041438 0.08808737 0.20602 0.1128998 0.1829519 0.1131341 0.1843098 0.08829444 0.20602 0.1128998 0.2071735 0.144919 0.1824491 0.14517 0.1829519 0.1131341 0.3316629 0.4063782 0.2998361 0.4100694 0.2976253 0.3854366 0.3296006 0.3834013 0.2998361 0.4100694 0.2618604 0.4134079 0.2608259 0.4010951 0.2597441 0.3887798 0.2976253 0.3854366 0.2071735 0.144919 0.2075576 0.1827334 0.182833 0.1829786 0.1824491 0.14517 0.2075576 0.1827334 0.2070269 0.2100279 0.1838911 0.2102516 0.182833 0.1829786 0.302066 0.15217 0.3016269 0.140772 0.3209236 0.1394768 0.3220034 0.1508318 0.2058539 0.2518368 0.2056432 0.2632645 0.1863037 0.2634514 0.1858722 0.25203 0.1617033 0.3133013 0.1531574 0.3185929 0.142618 0.3046644 0.1500331 0.2978785 0.1698793 0.4063073 0.1605414 0.402588 0.165464 0.3858294 0.1753302 0.387751 0.3121522 0.09372246 0.3121522 0.08070772 0.3224024 0.08171218 0.3224024 0.09271806 0.02227759 0.4468262 0.02227753 0.4310907 0.02735829 0.4310907 0.02735829 0.4468262 0.02735829 0.4310907 0.03419762 0.4324511 0.03419762 0.4454657 0.02735829 0.4468262 0.3146785 0.06794071 0.319635 0.05590677 0.3287303 0.06073915 0.3245388 0.07091557 0.04094457 0.4018641 0.04450672 0.4054262 0.03337997 0.4165529 0.02981787 0.4129907 0.04450672 0.4054262 0.04838091 0.4112243 0.03917813 0.4204271 0.03337997 0.4165529 0.3268331 0.04506385 0.3359991 0.03582441 0.3425686 0.04375654 0.3348174 0.05156981 0.05904251 0.3943382 0.07477772 0.3943382 0.07477992 0.3994045 0.05904448 0.3994045 0.05904448 0.3994045 0.07477992 0.3994045 0.07341957 0.4062439 0.06040489 0.4062439 0.3587781 0.02348774 0.3618317 0.033324 0.3516891 0.0375964 0.3467842 0.02853995 0.1040065 0.4129907 0.1004444 0.4165529 0.08931767 0.4054262 0.09287983 0.401864 0.1004444 0.4165529 0.09464633 0.420427 0.08544349 0.4112243 0.08931767 0.4054262 0.1051385 0.4633082 0.1004444 0.4613639 0.1064661 0.4468262 0.1111602 0.4487705 0.1004444 0.4613639 0.09464633 0.4574897 0.09962683 0.4454657 0.1064661 0.4468262 0.3715247 0.1535707 0.3726108 0.1433287 0.3836163 0.1434165 0.384539 0.1536744 0.1111204 0.4291628 0.1064661 0.4310906 0.1004444 0.4165529 0.1050986 0.414625 0.1115469 0.4468261 0.1064661 0.4468262 0.1064661 0.4310906 0.1115469 0.4310906 0.1064661 0.4310906 0.1064661 0.4468262 0.09962683 0.4454657 0.09962683 0.432451 0.1064661 0.4310906 0.09962683 0.432451 0.09464633 0.420427 0.1004444 0.4165529 0.3467841 0.1458903 0.3516889 0.1368339 0.3618317 0.1411063 0.3587781 0.1509426 0.3715247 0.1535707 0.3587781 0.1509426 0.3618317 0.1411063 0.3726108 0.1433287 0.335999 0.1386058 0.3425685 0.1306738 0.3516889 0.1368339 0.3467841 0.1458903 0.03337997 0.461364 0.03917813 0.4574897 0.04838091 0.4666925 0.04450672 0.4724907 0.02981793 0.4649261 0.03337997 0.461364 0.04450672 0.4724907 0.04094463 0.4760528 0.3146785 0.1064896 0.3245388 0.1035146 0.3287302 0.1136911 0.3196349 0.1185235 0.05904448 0.4785124 0.06040489 0.471673 0.07341963 0.471673 0.07478004 0.4785124 0.05904948 0.4835606 0.05904448 0.4785124 0.07478004 0.4785124 0.07478445 0.4835606 0.3268331 0.1293663 0.3348174 0.1228604 0.3425685 0.1306738 0.335999 0.1386058 0.08931779 0.4724907 0.08544361 0.4666925 0.09464633 0.4574897 0.1004444 0.4613639 0.1040066 0.4649261 0.09287995 0.4760528 0.08931779 0.4724907 0.1004444 0.4613639 0.384539 0.1536744 0.3836163 0.1434165 0.3944296 0.1413663 0.3973259 0.15125 0.08931767 0.4054262 0.08544349 0.4112243 0.07341957 0.4062439 0.07477992 0.3994045 0.09126085 0.4007338 0.08931767 0.4054262 0.07477992 0.3994045 0.07672315 0.3947122 0.3467842 0.02853995 0.3516891 0.0375964 0.3425686 0.04375654 0.3359991 0.03582441 0.05904448 0.3994045 0.06040489 0.4062439 0.04838091 0.4112243 0.04450672 0.4054262 0.05711656 0.3947503 0.05904448 0.3994045 0.04450672 0.4054262 0.04257893 0.400772 0.3268331 0.04506385 0.3348174 0.05156981 0.3287303 0.06073915 0.319635 0.05590677 0.03337997 0.4165529 0.03917813 0.4204271 0.03419762 0.4324511 0.02735829 0.4310907 0.02868604 0.4146086 0.03337997 0.4165529 0.02735829 0.4310907 0.02266424 0.4291463 0.3146785 0.06794071 0.3245388 0.07091557 0.3224024 0.08171218 0.3121522 0.08070772 0.03337997 0.461364 0.02735829 0.4468262 0.03419762 0.4454657 0.03917813 0.4574897 0.02270412 0.448754 0.02735829 0.4468262 0.03337997 0.461364 0.02872586 0.4632917 0.04257076 0.4771528 0.04450672 0.4724907 0.05904448 0.4785124 0.05710798 0.4831744 0.04450672 0.4724907 0.04838091 0.4666925 0.06040489 0.471673 0.05904448 0.4785124 0.3146785 0.1064896 0.3121522 0.09372246 0.3224024 0.09271806 0.3245388 0.1035146 0.3196349 0.1185235 0.3287302 0.1136911 0.3348174 0.1228604 0.3268331 0.1293663 0.07478004 0.4785124 0.07341963 0.471673 0.08544361 0.4666925 0.08931779 0.4724907 0.07670789 0.4831665 0.07478004 0.4785124 0.08931779 0.4724907 0.09124559 0.4771447 0.3833112 0.08431482 0.3731685 0.08858734 0.3621628 0.0886532 0.3910468 0.07648599 0.3519696 0.08450233 0.3441409 0.07676666 0.3398684 0.06662398 0.3621628 0.0886532 0.3951318 0.05528724 0.3951976 0.06629294 0.3910468 0.07648599 0.3908593 0.04514455 0.3728373 0.03325808 0.3830305 0.03740888 0.3908593 0.04514455 0.3618317 0.033324 0.3398025 0.05561828 0.3439533 0.04542517 0.3516891 0.0375964 0.3398684 0.06662398 0.3516891 0.0375964 0.3618317 0.033324 0.3908593 0.04514455 0.3398684 0.06662398 0.3621628 0.0886532 0.3398684 0.06662398 0.3908593 0.04514455 0.3910468 0.07648599 0.06275087 0.2647309 0.06379216 0.2747282 0.04666388 0.2781494 0.04378503 0.268519 0.02585184 0.2757613 0.03046822 0.28469 0.01576793 0.2941232 0.009574532 0.2862065 0.199487 0.4909771 0.1880778 0.4916578 0.186384 0.4723918 0.197737 0.4710714 0.2685175 0.4872925 0.2412602 0.488888 0.239234 0.46584 0.2663432 0.462656 0.3061845 0.483968 0.2685175 0.4872925 0.2663432 0.462656 0.3040113 0.4593446 0.338017 0.480327 0.3061845 0.483968 0.3040113 0.4593446 0.3359888 0.4573472 0.3626071 0.4765297 0.338017 0.480327 0.3359888 0.4573472 0.3608605 0.4567717 0.382159 0.4722135 0.3626071 0.4765297 0.3608605 0.4567717 0.3808642 0.4575867 0.3775774 0.4230055 0.3580242 0.42731 0.3562871 0.4075511 0.3762915 0.4083779 0.3580242 0.42731 0.333433 0.4310951 0.3314144 0.4081144 0.3562871 0.4075511 0.333433 0.4310951 0.301846 0.4347138 0.2998361 0.4100694 0.3314144 0.4081144 0.301846 0.4347138 0.2641778 0.4380253 0.2629422 0.4257233 0.2618604 0.4134079 0.2998361 0.4100694 0.2641778 0.4380253 0.2504919 0.4388247 0.2629422 0.4257233 0.2821091 0.1529174 0.282211 0.1413586 0.3016269 0.140772 0.302066 0.15217 0.161079 0.4235296 0.1525937 0.4181416 0.1605414 0.402588 0.1698793 0.4063073 0.1753302 0.387751 0.165464 0.3858294 0.1671904 0.3684484 0.1772418 0.3685052 0.1906621 0.3921954 0.1792981 0.3928253 0.1776816 0.3735526 0.189876 0.3822339 0.1755481 0.3492392 0.1656609 0.3510489 0.1609284 0.3342356 0.1703079 0.3306222 0.4818715 0.01449638 0.4805796 0.02573037 0.4753798 0.0258364 0.4768387 0.0145989 0.4501121 0.4929425 0.4307721 0.4930655 0.4296752 0.4877285 0.4490986 0.4880118 0.3873088 0.4757081 0.3941726 0.4350074 0.4001939 0.4349177 0.3925092 0.4756307 0.4434173 0.2872488 0.442498 0.2935103 0.4277574 0.2947689 0.4139999 0.2893271 0.3878251 0.2041257 0.399696 0.188003 0.4048576 0.1878978 0.3941524 0.2039967 0.4805796 0.02573037 0.4739397 0.06646823 0.4679189 0.0665909 0.4753798 0.0258364 0.3734925 0.3736914 0.3539408 0.3780077 0.3521941 0.3582496 0.3721979 0.3590645 0.3539408 0.3780077 0.3293507 0.3818048 0.3273225 0.358825 0.3521941 0.3582496 0.3293507 0.3818048 0.2976253 0.3854366 0.2953444 0.3608159 0.3273225 0.358825 0.2976253 0.3854366 0.2597441 0.3887798 0.2576773 0.3641405 0.2953444 0.3608159 0.2597441 0.3887798 0.2461137 0.3895244 0.2315165 0.3787412 0.2576773 0.3641405 0.005161941 0.34272 0.002072274 0.3255288 0.006508111 0.3256109 0.00929147 0.3410983 0.006508111 0.3256109 0.002072274 0.3255288 0.005796611 0.3084638 0.009863257 0.3102373 0.005796611 0.3084638 0.01576793 0.2941232 0.01884645 0.2973179 0.009863257 0.3102373 0.01884645 0.2973179 0.01576793 0.2941232 0.03046822 0.28469 0.03208976 0.2888196 0.04765939 0.2816004 0.0475772 0.2860362 0.03208976 0.2888196 0.03046822 0.28469 0.0475772 0.2860362 0.04765939 0.2816004 0.06472426 0.2853249 0.06295078 0.2893915 0.06472426 0.2853249 0.07906496 0.295296 0.07587021 0.2983745 0.06295078 0.2893915 0.07906496 0.295296 0.08849811 0.3099964 0.08436852 0.3116179 0.07587021 0.2983745 0.09158772 0.3271874 0.08715194 0.3271052 0.08436852 0.3116179 0.08849811 0.3099964 0.09158772 0.3271874 0.08786332 0.3442524 0.08379673 0.3424789 0.08715194 0.3271052 0.08786332 0.3442524 0.07789206 0.358593 0.07481366 0.3553983 0.08379673 0.3424789 0.07789206 0.358593 0.06319189 0.3680263 0.06157028 0.3638967 0.07481366 0.3553983 0.06319189 0.3680263 0.04600065 0.3711158 0.04608285 0.3666801 0.06157028 0.3638967 0.04608285 0.3666801 0.04600065 0.3711158 0.02893573 0.3673915 0.0307092 0.3633247 0.01459509 0.3574202 0.01778978 0.3543417 0.0307092 0.3633247 0.02893573 0.3673915 0.01778978 0.3543417 0.01459509 0.3574202 0.005161941 0.34272 0.00929147 0.3410983 0.4259374 0.2080029 0.4535167 0.2184478 0.4250184 0.2142644 0.2412602 0.488888 0.199487 0.4909771 0.197737 0.4710714 0.239234 0.46584 0.2070269 0.2100279 0.2058539 0.2518368 0.1858722 0.25203 0.1838911 0.2102516 0.2304242 0.3657354 0.1886511 0.3678246 0.1869011 0.3479188 0.228398 0.3426874 0.245663 0.268764 0.2504714 0.3097333 0.2407429 0.2691091 0.3103919 0.3097334 0.3152004 0.268764 0.3201204 0.2691092 0.3967708 0.02730274 0.3950223 0.01613074 0.4000551 0.01602816 0.4019708 0.02719688 0.1823024 0.2102746 0.1811292 0.2520747 0.1711384 0.2521714 0.1707345 0.2103865 0.2721272 0.1529141 0.2693731 0.1940726 0.264442 0.1939671 0.4714969 0.1312407 0.4760661 0.1629257 0.4700629 0.163048 0.4650607 0.1312783 0.08343285 0.2112914 0.08229207 0.2531014 0.06231063 0.2533098 0.06029725 0.211533 0.4398856 0.008426964 0.4592198 0.007936596 0.4583632 0.01289707 0.4389584 0.01379603 0.2390886 0.4642545 0.1973243 0.4663429 0.1964493 0.45639 0.2380756 0.4527305 0.4248605 0.2948208 0.426652 0.3139494 0.4067466 0.3131336 0.4100839 0.2940909 0.426652 0.3139494 0.4044538 0.3381807 0.4067466 0.3131336 0.4294483 0.4762761 0.4296224 0.4877402 0.4102208 0.4887032 0.4094026 0.4772817 0.4495168 0.4765688 0.4490986 0.4880118 0.4296752 0.4877285 0.4294483 0.4762761 0.4465148 0.3124213 0.4496999 0.3373693 0.426652 0.3139494 0.442498 0.2935103 0.4465148 0.3124213 0.426652 0.3139494 0.4277574 0.2947689 0.443552 0.2066946 0.4417791 0.1875643 0.4616839 0.1883997 0.4583279 0.2074391 0.4417791 0.1875643 0.4640012 0.1633548 0.4616839 0.1883997 0.4390948 0.02524995 0.4389584 0.01379603 0.4583632 0.01289707 0.4591439 0.02432113 0.4190274 0.02487432 0.4194856 0.01343268 0.438908 0.01378405 0.4390948 0.02524995 0.4219256 0.1890913 0.4187644 0.1641517 0.4417791 0.1875643 0.4259374 0.2080029 0.4219256 0.1890913 0.4417791 0.1875643 0.4406784 0.2067443 0.4170347 0.0668115 0.4390948 0.02524995 0.439918 0.08664941 0.439918 0.08664941 0.4390948 0.02524995 0.4623185 0.06618547 0.4513624 0.4346249 0.4294483 0.4762761 0.4283372 0.4148775 0.4283372 0.4148775 0.4294483 0.4762761 0.4060901 0.4354282 0.3859552 0.4869349 0.3873088 0.4757081 0.3925092 0.4756307 0.3909885 0.48686 0.428713 0.4931125 0.4093806 0.4936663 0.4102208 0.4887032 0.4296224 0.4877402 0.399696 0.188003 0.4068703 0.1642003 0.4128735 0.1640779 0.4048576 0.1878978 0.4068703 0.1642003 0.4101448 0.1323555 0.4165788 0.1322244 0.4128735 0.1640779 0.4690778 0.3136112 0.4617732 0.3373742 0.4557695 0.3374636 0.4639158 0.313688 0.4544358 0.2121862 0.4535167 0.2184478 0.4259374 0.2080029 0.4406784 0.2067443 0.3845674 0.3150047 0.3721357 0.2993105 0.3784636 0.2992163 0.3897295 0.3149278 0.3969712 0.3702493 0.3925763 0.3385397 0.3985799 0.3384504 0.4034074 0.370247 0.4434173 0.2872488 0.4714527 0.2562224 0.4665267 0.2700554 0.456682 0.2809505 0.4714527 0.2562224 0.4535167 0.2184478 0.4644117 0.2282925 0.47071 0.2415572 0.4117536 0.2205628 0.4250184 0.2142644 0.3969829 0.2452909 0.4019088 0.2314578 0.3977255 0.2599561 0.3969829 0.2452909 0.4149188 0.2830656 0.4040238 0.2732208 0.4714527 0.2562224 0.4434173 0.2872488 0.4149188 0.2830656 0.3969829 0.2452909 0.4714527 0.2562224 0.3969829 0.2452909 0.4250184 0.2142644 0.4535167 0.2184478 0.255793 0.2098062 0.264442 0.1939671 0.2693731 0.1940726 0.2615709 0.2099299 0.3437222 0.1899456 0.3388268 0.1905462 0.3319497 0.149873 0.2313342 0.2537091 0.2258179 0.2364193 0.2320197 0.2359843 0.2370992 0.2533047 0.1711384 0.2521714 0.1809186 0.2635034 0.1615791 0.2636905 0.1611476 0.252268 0.09658944 0.2111557 0.09702575 0.2529403 0.08703494 0.2530446 0.08502167 0.2112765 0.2407429 0.2691091 0.2313342 0.2537091 0.2370992 0.2533047 0.245663 0.268764 0.09702575 0.2529403 0.08747524 0.2644667 0.08703494 0.2530446 0.2258179 0.2364193 0.2225636 0.2244926 0.2290107 0.2240403 0.2320197 0.2359843 0.2608259 0.4010951 0.2462202 0.3903611 0.2597441 0.3887798 0.2315165 0.3787412 0.189876 0.3822339 0.1890408 0.3722775 0.2305495 0.3672133 0.189876 0.3822339 0.1776816 0.3735526 0.1890408 0.3722775 0.1964493 0.45639 0.1859139 0.4670237 0.1842203 0.4477576 0.1955743 0.4464371 0.3350455 0.2364194 0.3295291 0.2537092 0.3237641 0.2533048 0.3288437 0.2359844 0.2511236 0.2273437 0.255793 0.2098062 0.2615709 0.2099299 0.2573391 0.2274767 0.2225636 0.2244926 0.224121 0.2122282 0.2303228 0.2117931 0.2290107 0.2240403 0.3437222 0.1899456 0.3539194 0.2048352 0.3481832 0.205539 0.3388268 0.1905462 0.3603279 0.2218146 0.3641984 0.2335559 0.3577835 0.234343 0.3541571 0.2225717 0.3295291 0.2537092 0.3201204 0.2691092 0.3152004 0.268764 0.3237641 0.2533048 0.3539194 0.2048352 0.3603279 0.2218146 0.3541571 0.2225717 0.3481832 0.205539 0.3641984 0.2335559 0.3632811 0.2458847 0.3571104 0.2466419 0.3577835 0.234343 0.302066 0.15217 0.305528 0.2203722 0.2932057 0.2207521 0.2821091 0.1529174 0.3220034 0.1508318 0.317815 0.2195657 0.305528 0.2203722 0.302066 0.15217 0.3388268 0.1905462 0.3287619 0.2052224 0.3220034 0.1508318 0.3319497 0.149873 0.3287619 0.2052224 0.317815 0.2195657 0.3220034 0.1508318 0.2932057 0.2207521 0.2808727 0.2076138 0.2821091 0.1529174 0.2721272 0.1529141 0.2821091 0.1529174 0.2808727 0.2076138 0.2693731 0.1940726 0.2804316 0.3089431 0.2604524 0.309263 0.2681204 0.2408555 0.2804316 0.2406856 0.2804316 0.3089431 0.2804316 0.2406856 0.292743 0.2408555 0.300411 0.309263 0.3152004 0.268764 0.3103919 0.3097334 0.300411 0.309263 0.3044039 0.2546329 0.245663 0.268764 0.2564594 0.2546329 0.2604524 0.309263 0.2504714 0.3097333 0.2564594 0.2546329 0.2681204 0.2408555 0.2604524 0.309263 0.292743 0.2408555 0.3044039 0.2546329 0.300411 0.309263 0.08394241 0.1839966 0.09658944 0.2111557 0.08502167 0.2112765 0.1707345 0.2103865 0.182833 0.1829786 0.1823024 0.2102746 0.2380756 0.4527305 0.2663432 0.462656 0.2390886 0.4642545 0.2576773 0.3641405 0.2315165 0.3787412 0.2305495 0.3672133 0.4642909 0.09350019 0.4650607 0.1312783 0.440979 0.1389145 0.439918 0.08664941 0.4640012 0.1633548 0.440979 0.1389145 0.4650607 0.1312783 0.4187644 0.1641517 0.4165788 0.1322244 0.440979 0.1389145 0.4623185 0.06618547 0.4642909 0.09350019 0.439918 0.08664941 0.4159186 0.09414446 0.4170347 0.0668115 0.439918 0.08664941 0.4158052 0.09425902 0.439918 0.08664941 0.440979 0.1389145 0.4165788 0.1322244 0.4044538 0.3381807 0.427555 0.3626073 0.4034074 0.370247 0.4496999 0.3373693 0.4518895 0.3692963 0.427555 0.3626073 0.4524549 0.4072653 0.4513624 0.4346249 0.4283372 0.4148775 0.4060901 0.4354282 0.4041138 0.4081438 0.4283372 0.4148775 0.4039698 0.4080289 0.4034074 0.370247 0.427555 0.3626073 0.4283372 0.4148775 0.4524549 0.4072653 0.4283372 0.4148775 0.427555 0.3626073 0.4518895 0.3692963 0.4417791 0.1875643 0.4187644 0.1641517 0.440979 0.1389145 0.4640012 0.1633548 0.4417791 0.1875643 0.440979 0.1389145 0.4390948 0.02524995 0.4170347 0.0668115 0.4190274 0.02487432 0.4623185 0.06618547 0.4390948 0.02524995 0.4591439 0.02432113 0.4060901 0.4354282 0.4294483 0.4762761 0.4094026 0.4772817 0.4294483 0.4762761 0.4513624 0.4346249 0.4495168 0.4765688 0.426652 0.3139494 0.4496999 0.3373693 0.427555 0.3626073 0.4044538 0.3381807 0.426652 0.3139494 0.427555 0.3626073</float_array>
          <technique_common>
            <accessor source="#Cylinder-mesh-map-0-array" count="1082" stride="2">
              <param name="S" type="float"/>
              <param name="T" type="float"/>
            </accessor>
          </technique_common>
        </source>
        <vertices id="Cylinder-mesh-vertices">
          <input semantic="POSITION" source="#Cylinder-mesh-positions"/>
        </vertices>
        <polylist count="281">
          <input semantic="VERTEX" source="#Cylinder-mesh-vertices" offset="0"/>
          <input semantic="NORMAL" source="#Cylinder-mesh-normals" offset="1"/>
          <input semantic="TEXCOORD" source="#Cylinder-mesh-map-0" offset="2" set="0"/>
          <vcount>4 3 4 4 4 4 4 4 4 4 3 4 4 4 4 4 4 4 4 4 4 4 4 4 5 4 3 4 4 4 3 4 4 4 4 4 4 4 4 4 4 4 4 4 4 4 4 4 4 4 4 4 4 4 4 4 4 4 4 4 3 5 4 4 4 4 4 4 4 4 4 4 4 4 4 5 4 4 4 4 4 4 4 4 4 4 4 4 4 4 4 4 4 4 4 4 4 4 4 4 4 4 4 4 4 4 4 4 4 4 4 4 4 4 4 4 4 4 4 4 4 4 4 4 4 4 4 4 4 4 4 4 4 4 4 4 4 4 4 4 4 4 4 4 4 4 4 4 5 3 4 4 4 4 4 4 4 4 4 4 4 4 4 4 4 4 4 4 4 4 4 4 4 4 4 4 4 4 4 4 4 4 3 4 4 4 3 3 4 4 3 4 4 4 4 4 3 4 4 3 4 4 3 4 4 3 4 3 3 3 3 4 4 4 4 4 4 4 4 4 4 4 4 4 4 4 3 4 4 4 4 3 4 3 4 3 4 4 4 4 4 4 4 4 4 4 4 4 3 3 4 4 4 4 4 3 3 3 3 3 3 4 3 3 3 3 4 3 3 3 3 4 4 3 3 3 3 3 3 3 3 </vcount>
          <p>56 0 0 11 0 1 13 0 2 61 0 3 191 1 4 56 1 5 84 1 6 58 2 7 50 2 8 246 2 9 62 2 10 59 3 11 58 3 12 62 3 13 63 3 14 63 4 15 112 4 16 111 4 17 59 4 18 60 5 19 111 5 20 112 5 21 64 5 22 10 6 23 60 6 24 64 6 25 12 6 26 44 7 27 43 7 28 216 7 29 217 7 30 4 8 31 45 8 32 202 8 33 203 8 34 81 9 35 80 9 36 229 9 37 230 9 38 8 10 39 4 10 40 207 10 41 43 11 42 42 11 43 215 11 44 216 11 45 80 12 46 79 12 47 228 12 48 229 12 49 46 13 50 7 13 51 9 13 52 51 13 53 36 14 54 3 14 55 5 14 56 41 14 57 187 15 58 36 15 59 41 15 60 188 15 61 38 16 62 37 16 63 42 16 64 43 16 65 39 17 66 38 17 67 43 17 68 44 17 69 44 18 70 108 18 71 107 18 72 39 18 73 40 19 74 107 19 75 108 19 76 45 19 77 2 20 78 40 20 79 45 20 80 4 20 81 0 21 82 30 21 83 105 21 84 35 21 85 35 22 86 105 22 87 121 22 88 106 22 89 121 23 90 104 23 91 34 23 92 106 23 93 34 24 94 104 24 95 103 24 96 189 24 97 33 24 98 188 25 99 41 25 100 242 25 101 214 25 102 33 26 103 189 26 104 117 26 105 186 27 106 201 27 107 102 27 108 32 27 109 32 28 110 102 28 111 31 28 112 1 28 113 93 29 114 27 29 115 29 29 116 98 29 117 199 30 118 93 30 119 87 30 120 95 31 121 6 31 122 22 31 123 99 31 124 96 32 125 95 32 126 99 32 127 100 32 128 100 33 129 120 33 130 119 33 131 96 33 132 97 34 133 119 34 134 120 34 135 101 34 136 26 35 137 97 35 138 101 35 139 28 35 140 108 36 141 44 36 142 217 36 143 218 36 144 42 37 145 188 37 146 214 37 147 215 37 148 79 38 149 196 38 150 227 38 151 228 38 152 110 39 153 55 39 154 206 39 155 226 39 156 118 40 157 92 40 158 212 40 159 239 40 160 0 41 161 35 41 162 40 41 163 2 41 164 35 42 165 106 42 166 107 42 167 40 42 168 106 43 169 34 43 170 39 43 171 107 43 172 34 44 173 33 44 174 38 44 175 39 44 176 33 45 177 117 45 178 197 45 179 38 45 180 53 46 181 54 46 182 225 46 183 224 46 184 92 47 185 24 47 186 213 47 187 212 47 188 90 48 189 91 48 190 238 48 191 237 48 192 52 49 193 53 49 194 224 49 195 223 49 196 89 50 197 90 50 198 237 50 199 236 50 200 78 51 201 83 51 202 243 51 203 245 51 204 186 52 205 32 52 206 36 52 207 86 52 208 32 53 209 1 53 210 3 53 211 36 53 212 83 54 213 23 54 214 25 54 215 88 54 216 73 55 217 19 55 218 21 55 219 78 55 220 98 56 221 29 56 222 31 56 223 102 56 224 200 57 225 98 57 226 102 57 227 201 57 228 195 58 229 73 58 230 78 58 231 196 58 232 75 59 233 74 59 234 79 59 235 80 59 236 99 60 237 22 60 238 109 60 239 100 61 240 99 61 241 109 61 242 103 61 243 104 61 244 76 62 245 75 62 246 80 62 247 81 62 248 115 63 249 76 63 250 81 63 251 116 63 252 120 64 253 100 64 254 104 64 255 121 64 256 101 65 257 120 65 258 121 65 259 105 65 260 77 66 261 115 66 262 116 66 263 82 66 264 18 67 265 77 67 266 82 67 267 20 67 268 28 68 269 101 68 270 105 68 271 30 68 272 24 69 273 92 69 274 97 69 275 26 69 276 14 70 277 68 70 278 72 70 279 16 70 280 68 71 281 113 71 282 114 71 283 72 71 284 92 72 285 118 72 286 119 72 287 97 72 288 118 73 289 91 73 290 96 73 291 119 73 292 113 74 293 67 74 294 71 74 295 114 74 296 67 75 297 66 75 298 49 75 299 70 75 300 71 75 301 91 76 302 90 76 303 95 76 304 96 76 305 90 77 306 89 77 307 94 77 308 95 77 309 193 78 310 65 78 311 69 78 312 194 78 313 198 79 314 88 79 315 93 79 316 199 79 317 88 80 318 25 80 319 27 80 320 93 80 321 65 81 322 15 81 323 17 81 324 69 81 325 160 82 326 159 82 327 175 82 328 176 82 329 126 83 330 125 83 331 141 83 332 142 83 333 141 84 334 157 84 335 158 84 336 142 84 337 158 85 338 157 85 339 173 85 340 174 85 341 123 86 342 139 86 343 140 86 344 124 86 345 139 87 346 155 87 347 156 87 348 140 87 349 156 88 350 155 88 351 171 88 352 172 88 353 122 89 354 137 89 355 153 89 356 138 89 357 138 90 358 153 90 359 169 90 360 154 90 361 169 91 362 185 91 363 170 91 364 154 91 365 135 92 366 151 92 367 152 92 368 136 92 369 151 93 370 167 93 371 168 93 372 152 93 373 132 94 374 148 94 375 149 94 376 133 94 377 148 95 378 164 95 379 165 95 380 149 95 381 167 96 382 183 96 383 184 96 384 168 96 385 134 97 386 150 97 387 151 97 388 135 97 389 133 98 390 149 98 391 150 98 392 134 98 393 150 99 394 149 99 395 165 99 396 166 99 397 150 87 398 166 87 399 167 87 400 151 87 401 165 100 402 181 100 403 182 100 404 166 100 405 167 101 406 166 101 407 182 101 408 183 101 409 164 102 410 180 102 411 181 102 412 165 102 413 143 103 414 159 103 415 160 103 416 144 103 417 127 104 418 143 104 419 144 104 420 128 104 421 161 105 422 177 105 423 178 105 424 162 105 425 145 87 426 161 87 427 162 87 428 146 87 429 129 106 430 145 106 431 146 106 432 130 106 433 163 107 434 179 107 435 180 107 436 164 107 437 147 108 438 163 108 439 164 108 440 148 108 441 132 109 442 131 109 443 147 109 444 148 109 445 168 110 446 184 110 447 185 110 448 169 110 449 152 111 450 168 111 451 169 111 452 153 111 453 136 112 454 152 112 455 153 112 456 137 112 457 154 113 458 170 113 459 171 113 460 155 113 461 138 87 462 154 87 463 155 87 464 139 87 465 122 114 466 138 114 467 139 114 468 123 114 469 156 115 470 172 115 471 173 115 472 157 115 473 140 116 474 156 116 475 157 116 476 141 116 477 124 117 478 140 117 479 141 117 480 125 117 481 158 118 482 174 118 483 175 118 484 159 118 485 143 119 486 142 119 487 158 119 488 159 119 489 126 120 490 142 120 491 143 120 492 127 120 493 128 121 494 144 121 495 145 121 496 129 121 497 144 87 498 160 87 499 161 87 500 145 87 501 161 122 502 160 122 503 176 122 504 177 122 505 162 123 506 178 123 507 179 123 508 163 123 509 146 87 510 162 87 511 163 87 512 147 87 513 130 124 514 146 124 515 147 124 516 131 124 517 178 87 518 177 87 519 176 87 520 179 87 521 175 125 522 174 125 523 173 125 524 176 125 525 181 87 526 180 87 527 179 87 528 182 87 529 184 126 530 183 126 531 182 126 532 185 126 533 172 87 534 171 87 535 170 87 536 173 87 537 170 127 538 185 127 539 182 127 540 173 127 541 176 128 542 173 128 543 182 128 544 179 128 545 41 129 546 5 129 547 7 129 548 46 129 549 51 130 550 9 130 551 11 130 552 56 130 553 190 131 554 51 131 555 56 131 556 191 131 557 53 132 558 52 132 559 57 132 560 58 132 561 54 133 562 53 133 563 58 133 564 59 133 565 110 134 566 54 134 567 59 134 568 111 134 569 55 135 570 110 135 571 111 135 572 60 135 573 8 136 574 55 136 575 60 136 576 10 136 577 12 137 578 64 137 579 68 137 580 14 137 581 64 138 582 112 138 583 113 138 584 68 138 585 112 139 586 63 139 587 67 139 588 113 139 589 63 140 590 62 140 591 48 140 592 66 140 593 67 140 594 62 141 595 246 141 596 48 141 597 192 142 598 61 142 599 65 142 600 193 142 601 61 143 602 13 143 603 15 143 604 65 143 605 69 144 606 17 144 607 19 144 608 73 144 609 194 145 610 69 145 611 73 145 612 85 145 613 78 146 614 21 146 615 23 146 616 83 146 617 88 147 618 198 147 619 235 147 620 244 147 621 41 148 622 46 148 623 240 148 624 242 148 625 190 149 626 52 149 627 223 149 628 222 149 629 4 150 630 203 150 631 205 150 632 207 150 633 20 151 634 82 151 635 208 151 636 209 151 637 198 152 638 89 152 639 236 152 640 235 152 641 16 153 642 72 153 643 77 153 644 18 153 645 72 154 646 114 154 647 115 154 648 77 154 649 114 155 650 71 155 651 76 155 652 115 155 653 71 156 654 70 156 655 75 156 656 76 156 657 70 157 658 247 157 659 47 157 660 75 157 661 17 87 662 15 87 663 129 87 664 130 87 665 129 87 666 15 87 667 13 87 668 128 87 669 13 87 670 11 87 671 127 87 672 128 87 673 127 158 674 11 158 675 9 158 676 126 158 677 7 159 678 125 159 679 126 159 680 9 159 681 125 160 682 7 160 683 5 160 684 124 160 685 5 87 686 3 87 687 123 87 688 124 87 689 3 87 690 1 87 691 122 87 692 123 87 693 31 87 694 137 87 695 122 87 696 1 87 697 31 87 698 29 87 699 136 87 700 137 87 701 29 87 702 27 87 703 135 87 704 136 87 705 27 161 706 25 161 707 134 161 708 135 161 709 25 162 710 23 162 711 133 162 712 134 162 713 133 163 714 23 163 715 21 163 716 132 163 717 19 164 718 131 164 719 132 164 720 21 164 721 131 165 722 19 165 723 17 165 724 130 165 725 209 166 726 24 166 727 20 166 728 52 167 729 190 167 730 191 167 731 57 167 732 89 168 733 198 168 734 199 168 735 94 168 736 74 169 737 195 169 738 196 169 739 79 169 740 256 170 741 86 170 742 197 170 743 87 171 744 253 171 745 6 171 746 196 172 747 78 172 748 245 172 749 227 172 750 94 173 751 199 173 752 87 173 753 6 173 754 84 174 755 250 174 756 50 174 757 91 175 758 118 175 759 239 175 760 238 175 761 37 176 762 187 176 763 188 176 764 42 176 765 83 177 766 88 177 767 244 177 768 243 177 769 57 178 770 191 178 771 84 178 772 50 178 773 205 179 774 204 179 775 206 179 776 207 179 777 204 180 778 226 180 779 206 180 780 219 181 781 240 181 782 241 181 783 222 181 784 214 182 785 242 182 786 240 182 787 219 182 788 202 183 789 218 183 790 204 183 791 203 184 792 202 184 793 204 184 794 205 184 795 211 185 796 210 185 797 212 185 798 213 185 799 210 186 800 239 186 801 212 186 802 232 187 803 243 187 804 244 187 805 235 187 806 227 188 807 245 188 808 243 188 809 232 188 810 208 189 811 231 189 812 210 189 813 209 190 814 208 190 815 210 190 816 211 190 817 228 191 818 232 191 819 233 191 820 233 192 821 232 192 822 236 192 823 215 193 824 219 193 825 220 193 826 220 194 827 219 194 828 223 194 829 51 195 830 190 195 831 222 195 832 241 195 833 46 196 834 51 196 835 241 196 836 240 196 837 82 197 838 116 197 839 231 197 840 208 197 841 116 198 842 81 198 843 230 198 844 231 198 845 45 199 846 108 199 847 218 199 848 202 199 849 213 200 850 24 200 851 209 200 852 211 200 853 55 201 854 8 201 855 207 201 856 206 201 857 54 202 858 110 202 859 226 202 860 225 202 861 4 203 862 30 203 863 0 203 864 2 203 865 30 204 866 24 204 867 26 204 868 28 204 869 18 205 870 20 205 871 14 205 872 16 205 873 12 206 874 14 206 875 8 206 876 10 206 877 30 207 878 4 207 879 8 207 880 14 207 881 30 208 882 14 208 883 20 208 884 24 208 885 246 209 886 50 209 887 250 209 888 260 209 889 47 210 890 259 210 891 85 210 892 117 211 893 189 211 894 252 211 895 257 211 896 87 212 897 93 212 898 98 212 899 200 212 900 197 213 901 86 213 902 187 213 903 37 213 904 197 214 905 117 214 906 257 214 907 256 214 908 86 215 909 36 215 910 187 215 911 189 87 912 103 87 913 249 87 914 252 87 915 49 216 916 247 216 917 70 216 918 47 217 919 85 217 920 195 217 921 74 217 922 85 218 923 73 218 924 195 218 925 84 219 926 56 219 927 61 219 928 192 219 929 109 220 930 22 220 931 251 220 932 254 220 933 48 221 934 246 221 935 260 221 936 255 221 937 103 87 938 109 87 939 254 87 940 249 87 941 47 222 942 247 222 943 261 222 944 259 222 945 49 223 946 66 223 947 248 223 948 258 223 949 22 224 950 6 224 951 253 224 952 251 224 953 247 225 954 49 225 955 258 225 956 261 225 957 66 226 958 48 226 959 255 226 960 248 226 961 193 227 962 248 227 963 255 227 964 192 227 965 194 228 966 258 228 967 248 228 968 193 228 969 259 229 970 261 229 971 194 229 972 85 229 973 261 230 974 258 230 975 194 230 976 255 231 977 260 231 978 192 231 979 84 232 980 192 232 981 260 232 982 250 232 983 201 233 984 186 233 985 252 233 986 249 233 987 201 234 988 249 234 989 254 234 990 200 234 991 253 235 992 87 235 993 200 235 994 251 235 995 256 236 996 257 236 997 186 236 998 86 236 999 257 237 1000 252 237 1001 186 237 1002 254 238 1003 251 238 1004 200 238 1005 38 239 1006 197 239 1007 37 239 1008 6 240 1009 95 240 1010 94 240 1011 50 241 1012 58 241 1013 57 241 1014 75 242 1015 47 242 1016 74 242 1017 237 243 1018 238 243 1019 234 243 1020 233 243 1021 239 244 1022 234 244 1023 238 244 1024 231 245 1025 230 245 1026 234 245 1027 236 246 1028 237 246 1029 233 246 1030 229 247 1031 228 247 1032 233 247 1033 229 248 1034 233 248 1035 234 248 1036 230 248 1037 226 249 1038 221 249 1039 225 249 1040 218 250 1041 217 250 1042 221 250 1043 216 251 1044 215 251 1045 220 251 1046 223 252 1047 224 252 1048 220 252 1049 224 253 1050 225 253 1051 221 253 1052 220 253 1053 216 254 1054 220 254 1055 221 254 1056 217 254 1057 210 255 1058 231 255 1059 234 255 1060 239 256 1061 210 256 1062 234 256 1063 232 257 1064 228 257 1065 227 257 1066 236 258 1067 232 258 1068 235 258 1069 223 259 1070 219 259 1071 222 259 1072 219 260 1073 215 260 1074 214 260 1075 204 261 1076 218 261 1077 221 261 1078 226 262 1079 204 262 1080 221 262 1081</p>
        </polylist>
      </mesh>
    </geometry>
    <geometry id="Cube-mesh" name="Cube">
      <mesh>
        <source id="Cube-mesh-positions">
          <float_array id="Cube-mesh-positions-array" count="0"/>
          <technique_common>
            <accessor source="#Cube-mesh-positions-array" count="0" stride="3">
              <param name="X" type="float"/>
              <param name="Y" type="float"/>
              <param name="Z" type="float"/>
            </accessor>
          </technique_common>
        </source>
        <source id="Cube-mesh-normals">
          <float_array id="Cube-mesh-normals-array" count="0"/>
          <technique_common>
            <accessor source="#Cube-mesh-normals-array" count="0" stride="3">
              <param name="X" type="float"/>
              <param name="Y" type="float"/>
              <param name="Z" type="float"/>
            </accessor>
          </technique_common>
        </source>
        <vertices id="Cube-mesh-vertices">
          <input semantic="POSITION" source="#Cube-mesh-positions"/>
        </vertices>
      </mesh>
    </geometry>
    <geometry id="Cube_002-mesh" name="Cube.002">
      <mesh>
        <source id="Cube_002-mesh-positions">
          <float_array id="Cube_002-mesh-positions-array" count="372">-0.3528298 -0.1580925 0.1174817 -0.3528298 0.1580924 0.1174817 -0.4824658 0.1580924 0.2531597 -0.4824658 -0.1580925 0.2531597 -0.6599889 0.1580924 0.08375465 -0.5878721 0.1580924 -0.04442185 -0.5878721 -0.1580924 -0.04442185 -0.6599889 -0.1580924 0.08375465 -0.326481 0.1090462 0.1491931 -0.326481 -0.1090462 0.1491931 -0.4824658 -0.1104763 0.3210599 -0.4824658 0.110474 0.3224673 -0.6654044 -0.1580925 0.2203767 -0.6654044 0.1580924 0.2203767 -0.4824658 0.09913337 0.8597859 -0.4824658 -0.09913337 0.8597859 -0.4824658 0.1361738 0.8151192 -0.4824658 0.1580925 0.7555931 -0.4824658 -0.1580924 0.7555932 -0.4824658 -0.1361738 0.8151192 -0.4824658 -0.07935005 0.6969296 -0.4824658 -0.02511584 0.6539122 -0.4824658 0.02511441 0.6542463 -0.4824658 0.07934862 0.6978094 -0.4824658 -0.02494841 0.8115746 -0.4824658 -0.07925969 0.7680335 -0.4824658 0.07925838 0.76884 -0.4824658 0.0249471 0.8118793 -0.5949043 -0.1361738 0.8151192 -0.5949043 -0.1580924 0.7555932 -0.5949043 0.1580925 0.7555931 -0.5949043 0.1361738 0.8151192 -0.5949043 -0.09913337 0.8597859 -0.5949043 0.09913337 0.8597859 -0.5940425 0.1580924 0.2211475 -0.5940425 -0.1580924 0.2202716 0.1891364 -0.1580925 0.1174817 0.1891364 0.1580924 0.1174817 0.3187724 0.1580924 0.2531597 0.3187724 -0.1580925 0.2531597 0.4962956 0.1580924 0.08375465 0.4241787 0.1580924 -0.04442185 0.4241787 -0.1580924 -0.04442185 0.4962956 -0.1580924 0.08375465 0.1627876 0.1090462 0.1491931 0.1627876 -0.1090462 0.1491931 0.3187724 -0.1104763 0.3210599 0.3187724 0.110474 0.3224673 0.501711 -0.1580925 0.2203767 0.501711 0.1580924 0.2203767 0.3187724 0.09913337 0.8597859 0.3187724 -0.09913337 0.8597859 0.3187724 0.1361738 0.8151192 0.3187724 0.1580925 0.7555931 0.3187724 -0.1580924 0.7555932 0.3187724 -0.1361738 0.8151192 0.3187724 -0.07935005 0.6969296 0.3187724 -0.02511584 0.6539122 0.3187724 0.02511441 0.6542463 0.3187724 0.07934862 0.6978094 0.3187724 -0.02494841 0.8115746 0.3187724 -0.07925969 0.7680335 0.3187724 0.07925838 0.76884 0.3187724 0.0249471 0.8118793 0.4312109 -0.1361738 0.8151192 0.4312109 -0.1580924 0.7555932 0.4312109 0.1580925 0.7555931 0.4312109 0.1361738 0.8151192 0.4312109 -0.09913337 0.8597859 0.4312109 0.09913337 0.8597859 0.4303491 0.1580924 0.2211475 0.4303491 -0.1580924 0.2202716 -0.6369113 0.07905435 0.83794 -0.6369113 -0.07905435 0.83794 -0.6369113 0.1085924 0.7977621 -0.6369113 0.1260716 0.744218 -0.6369113 -0.1260716 0.744218 -0.6369113 -0.1085924 0.7977621 0.4732179 -0.1085924 0.7977621 0.4732179 -0.1260716 0.744218 0.4732179 0.1260716 0.744218 0.4732179 0.1085924 0.7977621 0.4732179 -0.07905435 0.83794 0.4732179 0.07905435 0.83794 -0.6369113 -0.07905429 0.6270552 -0.6369113 0.07905441 0.6270552 -0.6369113 -0.1085923 0.6626747 -0.6369113 -0.1260716 0.7101441 -0.6369113 0.1260716 0.7101441 -0.6369113 0.1085925 0.6626747 0.4732179 0.1085925 0.6626747 0.4732179 0.1260716 0.7101441 0.4732179 -0.1260716 0.7101441 0.4732179 -0.1085923 0.6626747 0.4732179 0.07905441 0.6270552 0.4732179 -0.07905429 0.6270552 -0.6369113 0.03151792 0.6087303 -0.6369113 -0.03151786 0.6087301 0.4732179 -0.03151786 0.6087301 0.4732179 0.03151792 0.6087303 0.3187724 -0.03952306 0.8827649 0.4312109 -0.03952306 0.8827649 0.4732179 -0.03151786 0.8586098 0.3187724 0.03952312 0.8827652 0.4312109 0.03952312 0.8827652 0.4732179 0.03151786 0.85861 -0.4824658 0.03952312 0.8827652 -0.5949043 0.03952312 0.8827652 -0.6369113 0.03151786 0.85861 -0.4824658 -0.03952306 0.8827649 -0.5949043 -0.03952306 0.8827649 -0.6369113 -0.03151786 0.8586098 0.4491778 -0.135378 0.6615551 0.4401943 -0.1571687 0.7164323 0.4581612 -0.08642601 0.6050459 0.4491778 0.1353781 0.6615551 0.4581612 0.08642613 0.6050459 0.4401943 0.1571688 0.7164323 -0.6038877 -0.1571687 0.7164323 -0.6218547 -0.08642601 0.6050459 -0.6128712 -0.135378 0.6615551 -0.6128712 0.1353781 0.6615551 -0.6218547 0.08642613 0.6050459 -0.6038877 0.1571688 0.7164323</float_array>
          <technique_common>
            <accessor source="#Cube_002-mesh-positions-array" count="124" stride="3">
              <param name="X" type="float"/>
              <param name="Y" type="float"/>
              <param name="Z" type="float"/>
            </accessor>
          </technique_common>
        </source>
        <source id="Cube_002-mesh-normals">
          <float_array id="Cube_002-mesh-normals-array" count="447">0.5452328 0.6721374 0.5009517 0.5463925 -0.6686584 0.5043326 0.7418559 -0.002149641 0.670556 0.9973194 0 0.07317245 0 0.7697609 0.6383324 1 0 0 1 -7.9456e-7 0 1 7.96252e-7 0 -1 0 0 -1 1.49297e-7 0 -1 0 0 0 0.938404 0.3455402 0 -0.7697604 0.6383331 0 -0.9384043 0.3455395 0 1 0 -1 -2.67953e-7 0 0 1 0 -0.5452328 0.6721374 0.5009517 -0.5463923 -0.6686586 0.5043325 -0.7418559 -0.002149641 0.670556 0 1 0 0.8715246 0 -0.490352 -0.8715248 0 -0.4903517 -1 0 0 -1 -4.30234e-7 0 0 0.7697607 0.6383326 -0.9992154 0 -0.0396074 0.9992154 0 -0.03960698 -1 0 0 0 1 0 0 -1 0 0 -1 0 0 1 0 0 1 0 -1 3.59748e-7 0 0 0.938404 0.3455402 0 -0.7697605 0.638333 0 -0.9384043 0.3455393 0 -1 0 0 -1 0 0 -1 0 0 -1 0 0 0.006652057 -0.9999779 0 0.626234 -0.7796353 0 0.9999993 0.001270473 0 0.6210842 0.7837438 0 -0.006106555 0.9999814 0 -0.6255018 0.7802227 0 -0.6214307 -0.7834692 0 -0.9999993 0.001270592 -1 -2.9796e-7 0 0 0 1 0 -0.5429564 0.839761 0 -1 0 0 0 -1 0 1 0 0 0.5429565 0.8397609 -1 -3.09327e-7 0 1 3.22675e-7 0 1 3.29949e-7 0 1 5.39622e-7 0 0 -0.3596879 0.9330727 1 2.26815e-7 0 1 0 0 0 0.3596913 0.9330714 0 -3.01619e-6 1 -0.6119597 -0.6372147 0.4684686 -0.5176925 -0.3077369 0.798306 -0.9973194 0 0.07317245 0 -0.3596879 0.9330728 0 0.3596912 0.9330714 0 -3.01619e-6 1 -0.4984896 -2.98931e-6 0.8668957 -0.5176921 0.3077402 0.7983051 -0.5734124 0.6306392 0.5229651 -0.6012281 0.7596265 0.2479769 -0.1795598 0.9632461 0.1997882 -0.997569 -0.02506524 0.06502139 -1 8.53902e-7 0 -1 -2.13475e-6 0 1 8.53901e-7 0 1 8.53899e-7 0 1 -2.06651e-7 0 0.6871896 -0.5996071 -0.4101731 0.7279338 -0.6434143 -0.2369186 0.6871905 0.5996061 -0.4101728 0.7279338 0.6434144 -0.2369184 -0.1795608 -0.9632459 0.1997887 -0.9083299 -0.4178989 -0.01724576 -0.6871908 -0.5996055 -0.4101732 -0.1015833 -0.9948271 -1.63477e-4 -0.6551072 -0.7328491 -0.1837577 -0.727935 0.6434133 -0.236918 -0.6871913 0.5996055 -0.4101727 -0.9975691 0.02506524 0.06502133 0.1795596 0.9632463 0.1997873 0.1795601 -0.9632461 0.1997878 -0.6289017 -0.7295951 0.2686517 0.6289008 -0.729596 0.2686511 0.573409 -0.630641 0.5229665 0.5176925 -0.3077369 0.7983061 0.4984896 -3.01487e-6 0.8668957 0.5176921 0.30774 0.798305 0.6119588 0.6372152 0.4684693 0.6289013 0.7295951 0.2686526 -0.6226268 -0.7725343 0.124606 -0.6855512 0.7280244 6.02559e-7 0.6226286 0.7725329 0.1246059 0.6226277 -0.7725335 0.1246061 -0.9762453 -0.2144947 -0.03061372 2.69983e-4 -0.9830896 0.1831252 -0.001980841 0.9830418 0.1833711 -0.9762294 0.2145588 -0.0306707 -0.9083 0.4179627 -0.01727563 -0.1015792 0.9948275 -1.63888e-4 0.997569 -0.02506667 0.06502139 0.997569 0.02506667 0.06502133 0.001980841 0.9830418 0.1833711 0.9762294 0.2145588 -0.0306704 0.9083 0.4179627 -0.01727551 0.1015803 0.9948274 -1.6389e-4 0.1015851 -0.9948269 -1.6348e-4 0.9083299 -0.4178989 -0.01724565 0.9762451 -0.214496 -0.03061342 -2.69983e-4 -0.9830895 0.1831254 -0.7948663 0.4670789 -0.3873307 -0.6551075 0.7328492 -0.1837561 -0.7948675 -0.4670776 -0.3873299 -0.7279351 -0.643413 -0.2369181 -0.6855523 -0.7280235 0 -0.6226289 0.7725325 0.124606 0.7948674 0.4670763 -0.3873313 0.6551084 0.7328481 -0.1837574 0.6855515 0.7280243 6.02559e-7 0.7948686 -0.4670751 -0.3873305 0.6551074 -0.7328487 -0.1837585 0.6855523 -0.7280235 0 0.5734116 0.6306397 0.5229654 0.6012266 0.7596278 0.2479763 0.6119595 -0.6372151 0.4684684 0.6012283 -0.7596265 0.2479765 0.5551953 -0.3316528 0.762735 0.5551929 0.3316566 0.7627352 -0.555193 0.331656 0.7627353 -0.5551955 -0.3316522 0.7627351 -0.6289007 0.7295956 0.2686524 -0.6119588 0.6372152 0.4684693 -0.573409 -0.630641 0.5229665 -0.6012277 -0.7596269 0.2479763</float_array>
          <technique_common>
            <accessor source="#Cube_002-mesh-normals-array" count="149" stride="3">
              <param name="X" type="float"/>
              <param name="Y" type="float"/>
              <param name="Z" type="float"/>
            </accessor>
          </technique_common>
        </source>
        <source id="Cube_002-mesh-map-0">
          <float_array id="Cube_002-mesh-map-0-array" count="1136">0.5531469 0.6528903 0.5513532 0.6379182 0.5873057 0.65933 0.5823123 0.6696895 0.5858682 0.5986433 0.6143614 0.6165602 0.6075412 0.6258199 0.5720163 0.6040655 0.6075412 0.6258199 0.5873057 0.65933 0.5513532 0.6379182 0.5720163 0.6040655 0.8457089 0.6203133 0.900115 0.5711141 0.9099301 0.5767431 0.894941 0.6485477 0.5959588 0.7234099 0.6049904 0.7285978 0.5949379 0.7460982 0.5859063 0.7409104 0.8697572 0.8248441 0.9137846 0.8677699 0.9092456 0.8755603 0.8498008 0.8591176 0.8498008 0.8591176 0.9092456 0.8755603 0.911098 0.8878465 0.8349753 0.8604649 0.8632208 0.8112393 0.9254114 0.8632176 0.9137846 0.8677699 0.8697572 0.8248441 0.9920799 0.7893322 0.995725 0.7990889 0.9796653 0.7939872 0.9847718 0.7806032 0.8783055 0.7849485 0.8933494 0.7837259 0.9526269 0.8000729 0.9545643 0.8124079 0.9847718 0.7806032 0.9796653 0.7939872 0.9686037 0.7876217 0.9065487 0.7357215 0.6049904 0.7285978 0.6148619 0.7342618 0.6048179 0.7517671 0.5949379 0.7460982 0.5547129 0.6997551 0.5637505 0.7049353 0.5537115 0.7224436 0.5446764 0.7172648 0.5448339 0.6940931 0.5547129 0.6997551 0.5446764 0.7172648 0.5347984 0.7116035 0.820366 0.6644691 0.7741743 0.6866224 0.7646152 0.6543243 0.779559 0.6398055 0.9815925 0.8063321 0.9796653 0.7939872 0.995725 0.7990889 0.9939775 0.8104222 0.7860484 0.6287609 0.8068414 0.6417981 0.820366 0.6644691 0.779559 0.6398055 0.6840828 0.7319585 0.6556602 0.7139342 0.6624827 0.7047305 0.6981719 0.7265838 0.7168554 0.6777544 0.7185143 0.6925379 0.6827198 0.6712207 0.6877141 0.6609159 0.6827198 0.6712207 0.7185143 0.6925379 0.6981719 0.7265838 0.6624827 0.7047305 0.6931026 0.7791028 0.7258024 0.7710239 0.7300378 0.8220779 0.6881294 0.799336 0.8696233 0.692722 0.820366 0.6644691 0.8335131 0.641579 0.8827452 0.6698134 0.7792406 0.8502995 0.7661199 0.8732066 0.7168896 0.8449692 0.7300378 0.8220779 0.9771828 0.8141275 0.9815925 0.8063321 0.9939775 0.8104222 0.9869164 0.8227288 0.9677513 0.8317336 0.9565263 0.8298289 0.9656307 0.8187385 0.9780142 0.8299568 0.6674556 0.598627 0.6775016 0.5811227 0.6865341 0.5863066 0.6764901 0.603812 0.7046923 0.8662329 0.7168896 0.8449692 0.7661199 0.8732066 0.7539217 0.894472 0.8335131 0.641579 0.8457089 0.6203133 0.894941 0.6485477 0.8827452 0.6698134 0.8933494 0.7837259 0.9128673 0.7492007 0.9570619 0.7922227 0.9526269 0.8000729 0.6148619 0.7342618 0.6931026 0.7791028 0.6881294 0.799336 0.6048179 0.7517671 0.9131982 0.9053467 0.9031543 0.922852 0.8198879 0.8748983 0.8349753 0.8604649 0.9065487 0.7357215 0.9113954 0.7154125 0.9948158 0.7630979 0.9847718 0.7806032 0.6818802 0.8105182 0.6881294 0.799336 0.7300378 0.8220779 0.7036401 0.8218687 0.779559 0.6398055 0.7646152 0.6543243 0.6863703 0.6094809 0.6964057 0.5919706 0.9771828 0.8141275 0.9869164 0.8227288 0.9780142 0.8299568 0.9656307 0.8187385 0.6764901 0.603812 0.6865341 0.5863066 0.6964057 0.5919706 0.6863703 0.6094809 0.6262286 0.5749501 0.6362812 0.5574496 0.6453122 0.5626372 0.6352608 0.5801383 0.6163552 0.5692773 0.6264098 0.5517778 0.6362812 0.5574496 0.6262286 0.5749501 0.8254319 0.8281622 0.8349753 0.8604649 0.8198879 0.8748983 0.7792406 0.8502995 0.792743 0.8729705 0.7792406 0.8502995 0.8198879 0.8748983 0.8135296 0.886018 0.8696233 0.692722 0.9113954 0.7154125 0.9065487 0.7357215 0.8738451 0.7437844 0.8960322 0.6929505 0.9177864 0.7043116 0.9113954 0.7154125 0.8696233 0.692722 0.5800463 0.9683884 0.5800462 0.8245701 0.5890625 0.8245701 0.5890626 0.9683884 0.5675249 0.9683823 0.5675951 0.824564 0.5800462 0.8245701 0.5800463 0.9683884 0.5675249 0.9683823 0.5547674 0.9683747 0.5548534 0.8245564 0.5675951 0.824564 0.5423222 0.9683662 0.5424215 0.8245478 0.5548534 0.8245564 0.5547674 0.9683747 0.5333662 0.9683599 0.5334654 0.8245416 0.5424215 0.8245478 0.5423222 0.9683662 0.5208604 0.9683493 0.520982 0.8245311 0.5334654 0.8245416 0.5333662 0.9683599 0.5890626 0.9683884 0.5890625 0.8245701 0.6014527 0.824564 0.6015229 0.9683823 0.5208604 0.9683493 0.5080927 0.9683377 0.508224 0.8245195 0.520982 0.8245311 0.9686037 0.7876217 0.9570619 0.7922227 0.9128673 0.7492007 0.9065487 0.7357215 0.6075412 0.6258199 0.6827198 0.6712207 0.6624827 0.7047305 0.5873057 0.65933 0.8368779 0.8292567 0.8254319 0.8281622 0.8738451 0.7437844 0.8805418 0.7530708 0.7792406 0.8502995 0.8696233 0.692722 0.8738451 0.7437844 0.8254319 0.8281622 0.7792406 0.8502995 0.7300378 0.8220779 0.820366 0.6644691 0.8696233 0.692722 0.7300378 0.8220779 0.7258024 0.7710239 0.7741743 0.6866224 0.820366 0.6644691 0.7190749 0.7616992 0.7627715 0.6855309 0.7741743 0.6866224 0.7258024 0.7710239 0.8783055 0.7849485 0.9545643 0.8124079 0.9656307 0.8187385 0.9565263 0.8298289 0.9487507 0.8648493 0.9523958 0.874606 0.9364616 0.8695766 0.9414415 0.8561197 0.8632208 0.8112393 0.9414415 0.8561197 0.9364616 0.8695766 0.9254114 0.8632176 0.9383106 0.8818767 0.9364616 0.8695766 0.9523958 0.874606 0.9506484 0.8859394 0.9244223 0.9072508 0.9131982 0.9053467 0.9221758 0.8941839 0.9346849 0.9054739 0.5537115 0.7224436 0.5637505 0.7049353 0.5736999 0.7106403 0.5636578 0.7281468 0.8349753 0.8604649 0.911098 0.8878465 0.9221758 0.8941839 0.9131982 0.9053467 0.9338061 0.8896176 0.9435873 0.8982459 0.9346849 0.9054739 0.9221758 0.8941839 0.9338061 0.8896176 0.9383106 0.8818767 0.9506484 0.8859394 0.9435873 0.8982459 0.5859063 0.7409104 0.5759642 0.735206 0.5860082 0.7177006 0.5959588 0.7234099 0.5736999 0.7106403 0.5860082 0.7177006 0.5759642 0.735206 0.5636578 0.7281468 0.5446764 0.7172648 0.5485123 0.7300714 0.5406024 0.7258854 0.5636578 0.7281468 0.5590885 0.7356831 0.5537115 0.7224436 0.7046923 0.8662329 0.7539217 0.894472 0.699511 0.9436661 0.6896965 0.9380363 0.6352608 0.5801383 0.6453122 0.5626372 0.655256 0.5683483 0.6452047 0.5858494 0.6674556 0.598627 0.6575095 0.5929164 0.6675584 0.5754138 0.6775016 0.5811227 0.6452047 0.5858494 0.655256 0.5683483 0.6675584 0.5754138 0.6575095 0.5929164 0.5636578 0.7281468 0.5759642 0.735206 0.5703905 0.7420359 0.560576 0.736406 0.5717648 0.7429544 0.5759642 0.735206 0.5859063 0.7409104 0.5859063 0.7409104 0.5949379 0.7460982 0.5819452 0.7492486 0.5949379 0.7460982 0.599931 0.7601425 0.5912805 0.7549117 0.6790407 0.9320066 0.7046923 0.8662329 0.6806586 0.9366437 0.6896965 0.9380363 0.6806586 0.9366437 0.7046923 0.8662329 0.6628744 0.950686 0.66738 0.9769409 0.6618247 0.9694772 0.6608138 0.9605837 0.7021327 0.9732053 0.6946292 0.9799808 0.686442 0.9835981 0.6771946 0.9825707 0.6771946 0.9825707 0.66738 0.9769409 0.6628744 0.950686 0.7021327 0.9732053 0.9131804 0.5311809 0.9224279 0.5322075 0.8974906 0.5415751 0.9049934 0.534799 0.9367511 0.5640907 0.9322429 0.5378364 0.937799 0.5452995 0.9388106 0.554193 0.9322429 0.5378364 0.9367511 0.5640907 0.8974906 0.5415751 0.9224279 0.5322075 0.6173422 0.5364548 0.6140176 0.5233655 0.6217339 0.5317696 0.6217339 0.5317696 0.6268036 0.5392692 0.6173422 0.5364548 0.7271922 0.5883498 0.7142119 0.5920775 0.7160441 0.5859228 0.7160441 0.5859228 0.7142119 0.5920775 0.7070115 0.5853254 0.7100954 0.9498202 0.7052758 0.9507647 0.7539217 0.894472 0.7080379 0.9739832 0.7107484 0.9634875 0.7627351 0.9038483 0.5040155 0.71524 0.5169939 0.7115061 0.5151646 0.7176617 0.7050758 0.9806298 0.7080379 0.9739832 0.7627351 0.9038483 0.5241975 0.7182548 0.5169939 0.7115061 0.5276898 0.7108272 0.6095032 0.771771 0.604429 0.7642745 0.613892 0.7670832 0.613892 0.7670832 0.6172245 0.7801705 0.6095032 0.771771 0.699511 0.9436661 0.7539217 0.894472 0.7052758 0.9507647 0.8943496 0.5640161 0.8457089 0.6203133 0.88953 0.564961 0.9189682 0.5781347 0.9205865 0.5827717 0.894941 0.6485477 0.5347984 0.7116035 0.5446764 0.7172648 0.5300356 0.7200499 0.6362812 0.5574496 0.6264098 0.5517778 0.631299 0.543404 0.6453122 0.5626372 0.6362812 0.5574496 0.6492738 0.5542993 0.6594567 0.5606004 0.655256 0.5683483 0.6453122 0.5626372 0.6675584 0.5754138 0.655256 0.5683483 0.6608332 0.5615212 0.6706448 0.5671563 0.6675584 0.5754138 0.6721321 0.5678802 0.6775016 0.5811227 0.6865341 0.5863066 0.6827052 0.5734979 0.690613 0.5776885 0.6964057 0.5919706 0.6865341 0.5863066 0.7011744 0.5835275 0.8944481 0.5468804 0.8974906 0.5415751 0.9367511 0.5640907 0.9337084 0.5693961 0.8944481 0.5468804 0.9337084 0.5693961 0.926748 0.5752263 0.8929309 0.5558324 0.9189682 0.5781347 0.8943496 0.5640161 0.8929309 0.5558324 0.926748 0.5752263 0.900115 0.5711141 0.8943496 0.5640161 0.9189682 0.5781347 0.9099301 0.5767431 0.5300356 0.7200499 0.5276898 0.7108272 0.5347984 0.7116035 0.604429 0.7642745 0.599931 0.7601425 0.6090757 0.757509 0.7011744 0.5835275 0.7035158 0.5927513 0.6964057 0.5919706 0.631299 0.543404 0.6264098 0.5517778 0.6221527 0.5460319 0.6806586 0.9366437 0.6896965 0.9380363 0.699511 0.9436661 0.7052758 0.9507647 0.6806586 0.9366437 0.7052758 0.9507647 0.7066937 0.9589486 0.6728785 0.9395514 0.6728785 0.9395514 0.7066937 0.9589486 0.7051758 0.9679003 0.6659175 0.9453809 0.6659175 0.9453809 0.7051758 0.9679003 0.7021327 0.9732053 0.6628744 0.950686 0.7107484 0.9634875 0.7100954 0.9498202 0.7627351 0.9038483 0.7627351 0.9038483 0.7100954 0.9498202 0.7539217 0.894472 0.7046923 0.8662329 0.6790407 0.9320066 0.6921113 0.8635013 0.6790407 0.9320066 0.6669123 0.9383358 0.6921113 0.8635013 0.6669123 0.9383358 0.659219 0.9459705 0.6921113 0.8635013 0.6921113 0.8635013 0.659219 0.9459705 0.6549738 0.9518854 0.900115 0.5711141 0.8457089 0.6203133 0.8943496 0.5640161 0.9099301 0.5767431 0.9189682 0.5781347 0.894941 0.6485477 0.8369986 0.6108331 0.88953 0.564961 0.8457089 0.6203133 0.88953 0.564961 0.8369986 0.6108331 0.8888693 0.5512964 0.8888693 0.5512964 0.8369986 0.6108331 0.8915747 0.5408009 0.8369986 0.6108331 0.8945336 0.5341539 0.8915747 0.5408009 0.9446456 0.5628824 0.9074845 0.6514208 0.9404042 0.5687952 0.9404042 0.5687952 0.9074845 0.6514208 0.9327133 0.5764345 0.9205865 0.5827717 0.9327133 0.5764345 0.9074845 0.6514208 0.9074845 0.6514208 0.894941 0.6485477 0.9205865 0.5827717 0.6095032 0.771771 0.6172245 0.7801705 0.6123261 0.7795727 0.613892 0.7670832 0.604429 0.7642745 0.6090757 0.757509 0.5151646 0.7176617 0.5070055 0.7191658 0.5040155 0.71524 0.5169939 0.7115061 0.5241975 0.7182548 0.5151646 0.7176617 0.5276898 0.7108272 0.5300356 0.7200499 0.5241975 0.7182548 0.6090757 0.757509 0.599931 0.7601425 0.6048179 0.7517671 0.7160441 0.5859228 0.7242041 0.5844226 0.7271922 0.5883498 0.7070115 0.5853254 0.7142119 0.5920775 0.7035158 0.5927513 0.7035158 0.5927513 0.7011744 0.5835275 0.7070115 0.5853254 0.6217339 0.5317696 0.6140176 0.5233655 0.6189156 0.5239663 0.6173422 0.5364548 0.6268036 0.5392692 0.6221527 0.5460319 0.6221527 0.5460319 0.6268036 0.5392692 0.631299 0.543404 0.6827052 0.5734979 0.6865341 0.5863066 0.6775016 0.5811227 0.7011744 0.5835275 0.6865341 0.5863066 0.6922931 0.5786989 0.6492738 0.5542993 0.6362812 0.5574496 0.6416684 0.5495826 0.631299 0.543404 0.6399464 0.5486398 0.6362812 0.5574496 0.6453122 0.5626372 0.6514968 0.5557857 0.6594567 0.5606004 0.6775016 0.5811227 0.6721321 0.5678802 0.6803026 0.5723282 0.5859063 0.7409104 0.5797267 0.7477658 0.5717648 0.7429544 0.5537115 0.7224436 0.5590885 0.7356831 0.5509154 0.7312397 0.599931 0.7601425 0.5949379 0.7460982 0.6048179 0.7517671 0.5819452 0.7492486 0.5949379 0.7460982 0.589551 0.7539653 0.5485123 0.7300714 0.5446764 0.7172648 0.5537115 0.7224436 0.5300356 0.7200499 0.5446764 0.7172648 0.5389192 0.7248741</float_array>
          <technique_common>
            <accessor source="#Cube_002-mesh-map-0-array" count="568" stride="2">
              <param name="S" type="float"/>
              <param name="T" type="float"/>
            </accessor>
          </technique_common>
        </source>
        <vertices id="Cube_002-mesh-vertices">
          <input semantic="POSITION" source="#Cube_002-mesh-positions"/>
        </vertices>
        <polylist count="160">
          <input semantic="VERTEX" source="#Cube_002-mesh-vertices" offset="0"/>
          <input semantic="NORMAL" source="#Cube_002-mesh-normals" offset="1"/>
          <input semantic="TEXCOORD" source="#Cube_002-mesh-map-0" offset="2" set="0"/>
          <vcount>4 4 4 4 4 4 4 4 4 4 4 4 4 4 4 4 4 4 4 4 4 4 4 4 4 4 4 4 4 4 4 4 4 4 4 4 4 4 4 4 4 4 4 4 4 4 4 4 4 4 4 4 4 4 4 4 4 4 4 4 4 4 4 4 4 4 4 4 3 3 4 4 4 4 4 3 3 3 3 3 4 4 4 4 4 4 3 3 3 3 3 3 3 3 3 3 3 3 3 3 3 3 3 3 4 3 3 3 4 4 4 4 3 3 3 3 4 4 4 4 3 3 3 3 3 3 3 3 3 3 3 3 3 3 3 3 3 3 3 3 3 3 3 3 3 3 3 3 3 3 3 3 3 3 3 3 3 3 3 3 </vcount>
          <p>2 0 0 11 0 1 8 0 2 1 0 3 3 1 4 0 1 5 9 1 6 10 1 7 9 2 8 8 2 9 11 2 10 10 2 11 49 3 12 99 3 13 98 3 14 48 3 15 14 4 16 16 4 17 31 4 18 33 4 19 11 5 20 22 5 21 21 5 22 10 5 23 10 6 24 21 6 25 20 6 26 3 6 27 2 7 28 23 7 29 22 7 30 11 7 31 55 8 32 51 8 33 61 8 34 54 8 35 38 9 36 47 9 37 58 9 38 59 9 39 54 10 40 61 10 41 56 10 42 39 10 43 16 11 44 17 11 45 30 11 46 31 11 47 19 12 48 15 12 49 32 12 50 28 12 51 18 13 52 19 13 53 28 13 54 29 13 55 41 14 56 37 14 57 38 14 58 70 14 59 60 15 60 61 15 61 51 15 62 100 15 63 49 16 64 40 16 65 41 16 66 70 16 67 38 17 68 37 17 69 44 17 70 47 17 71 39 18 72 46 18 73 45 18 74 36 18 75 45 19 76 46 19 77 47 19 78 44 19 79 2 20 80 1 20 81 5 20 82 34 20 83 42 21 84 41 21 85 40 21 86 43 21 87 6 22 88 7 22 89 4 22 90 5 22 91 63 23 92 60 23 93 100 23 94 103 23 95 52 24 96 53 24 97 62 24 98 50 24 99 50 25 100 69 25 101 67 25 102 52 25 103 13 26 104 4 26 105 7 26 106 12 26 107 40 27 108 49 27 109 48 27 110 43 27 111 47 28 112 46 28 113 57 28 114 58 28 115 17 29 116 2 29 117 34 29 118 30 29 119 18 30 120 29 30 121 35 30 122 3 30 123 39 31 124 71 31 125 65 31 126 54 31 127 13 32 128 34 32 129 5 32 130 4 32 131 70 33 132 38 33 133 53 33 134 66 33 135 63 34 136 103 34 137 50 34 138 62 34 139 52 35 140 67 35 141 66 35 142 53 35 143 55 36 144 64 36 145 68 36 146 51 36 147 54 37 148 65 37 149 64 37 150 55 37 151 0 38 152 3 38 153 35 38 154 6 38 155 7 39 156 6 39 157 35 39 158 12 39 159 42 40 160 71 40 161 39 40 162 36 40 163 43 41 164 48 41 165 71 41 166 42 41 167 22 42 168 58 42 169 57 42 170 21 42 171 23 43 172 59 43 173 58 43 174 22 43 175 23 44 176 26 44 177 62 44 178 59 44 179 27 45 180 63 45 181 62 45 182 26 45 183 24 46 184 60 46 185 63 46 186 27 46 187 25 47 188 61 47 189 60 47 190 24 47 191 21 48 192 57 48 193 56 48 194 20 48 195 25 49 196 20 49 197 56 49 198 61 49 199 56 50 200 57 50 201 46 50 202 39 50 203 9 51 204 45 51 205 44 51 206 8 51 207 9 52 208 0 52 209 36 52 210 45 52 211 6 53 212 42 53 213 36 53 214 0 53 215 6 54 216 5 54 217 41 54 218 42 54 219 5 55 220 1 55 221 37 55 222 41 55 223 8 56 224 44 56 225 37 56 226 1 56 227 38 57 228 59 57 229 62 57 230 53 57 231 16 58 232 14 58 233 26 58 234 17 58 235 2 59 236 17 59 237 26 59 238 23 59 239 27 60 240 26 60 241 14 60 242 106 60 243 19 5 244 18 5 245 25 5 246 15 5 247 32 61 248 15 61 249 109 61 250 110 61 251 3 62 252 20 62 253 25 62 254 18 62 255 24 5 256 109 5 257 15 5 258 25 5 259 24 63 260 27 63 261 106 63 262 109 63 263 33 64 264 107 64 265 106 64 266 14 64 267 109 65 268 106 65 269 107 65 270 110 65 271 28 66 272 73 66 273 77 66 274 110 67 275 111 67 276 32 67 277 13 68 278 12 68 279 97 68 280 96 68 281 51 69 282 68 69 283 101 69 284 100 69 285 50 70 286 103 70 287 104 70 288 69 70 289 100 71 290 101 71 291 104 71 292 103 71 293 110 72 294 107 72 295 108 72 296 111 72 297 108 73 298 107 73 299 33 73 300 33 74 301 31 74 302 72 74 303 31 75 304 75 75 305 74 75 306 122 76 307 13 76 308 85 76 309 96 77 310 85 77 311 13 77 312 75 78 313 108 78 314 72 78 315 74 78 316 76 79 317 77 79 318 73 79 319 111 79 320 111 10 321 108 10 322 75 10 323 76 10 324 83 80 325 105 80 326 80 80 327 81 80 328 79 81 329 102 81 330 82 81 331 78 81 332 102 82 333 79 82 334 80 82 335 105 82 336 112 83 337 114 83 338 93 83 339 93 84 340 92 84 341 112 84 342 116 85 343 115 85 344 90 85 345 90 86 346 115 86 347 91 86 348 119 87 349 84 87 350 12 87 351 118 88 352 120 88 353 35 88 354 119 89 355 120 89 356 86 89 357 29 90 358 118 90 359 35 90 360 87 91 361 120 91 362 118 91 363 89 92 364 88 92 365 121 92 366 121 93 367 122 93 368 89 93 369 97 94 370 12 94 371 84 94 372 94 95 373 49 95 374 116 95 375 95 96 376 114 96 377 48 96 378 29 97 379 28 97 380 76 97 381 64 98 382 65 98 383 79 98 384 68 99 385 64 99 386 82 99 387 102 100 388 101 100 389 68 100 390 104 101 391 101 101 392 102 101 393 105 101 394 104 102 395 105 102 396 69 102 397 67 103 398 83 103 399 81 103 400 66 104 401 67 104 402 80 104 403 91 5 404 80 5 405 79 5 406 92 5 407 91 5 408 92 5 409 93 5 410 90 5 411 95 5 412 94 5 413 90 5 414 93 5 415 99 5 416 94 5 417 95 5 418 98 5 419 76 105 420 118 105 421 29 105 422 88 106 423 75 106 424 123 106 425 80 107 426 117 107 427 66 107 428 79 108 429 65 108 430 113 108 431 85 10 432 96 10 433 97 10 434 84 10 435 85 10 436 84 10 437 86 10 438 89 10 439 89 10 440 86 10 441 87 10 442 88 10 443 88 10 444 87 10 445 76 10 446 75 10 447 120 109 448 119 109 449 35 109 450 35 110 451 119 110 452 12 110 453 13 111 454 122 111 455 34 111 456 122 112 457 121 112 458 34 112 459 121 113 460 123 113 461 34 113 462 34 114 463 123 114 464 30 114 465 99 115 466 49 115 467 94 115 468 98 116 469 95 116 470 48 116 471 70 117 472 116 117 473 49 117 474 116 118 475 70 118 476 115 118 477 115 119 478 70 119 479 117 119 480 70 120 481 66 120 482 117 120 483 65 121 484 71 121 485 113 121 486 113 122 487 71 122 488 112 122 489 114 123 490 112 123 491 71 123 492 71 124 493 48 124 494 114 124 495 89 125 496 122 125 497 85 125 498 121 126 499 88 126 500 123 126 501 86 127 502 84 127 503 119 127 504 120 128 505 87 128 506 86 128 507 118 129 508 76 129 509 87 129 510 123 130 511 75 130 512 30 130 513 90 131 514 94 131 515 116 131 516 91 132 517 115 132 518 117 132 519 117 133 520 80 133 521 91 133 522 93 134 523 114 134 524 95 134 525 112 135 526 92 135 527 113 135 528 113 136 529 92 136 530 79 136 531 83 137 532 67 137 533 69 137 534 80 138 535 67 138 536 81 138 537 82 139 538 64 139 539 78 139 540 79 140 541 78 140 542 64 140 543 68 141 544 82 141 545 102 141 546 69 142 547 105 142 548 83 142 549 33 143 550 72 143 551 108 143 552 32 144 553 111 144 554 73 144 555 75 145 556 31 145 557 30 145 558 72 146 559 31 146 560 74 146 561 73 147 562 28 147 563 32 147 564 76 148 565 28 148 566 77 148 567</p>
        </polylist>
      </mesh>
    </geometry>
    <geometry id="Cube_001-mesh" name="Cube.001">
      <mesh>
        <source id="Cube_001-mesh-positions">
          <float_array id="Cube_001-mesh-positions-array" count="0"/>
          <technique_common>
            <accessor source="#Cube_001-mesh-positions-array" count="0" stride="3">
              <param name="X" type="float"/>
              <param name="Y" type="float"/>
              <param name="Z" type="float"/>
            </accessor>
          </technique_common>
        </source>
        <source id="Cube_001-mesh-normals">
          <float_array id="Cube_001-mesh-normals-array" count="0"/>
          <technique_common>
            <accessor source="#Cube_001-mesh-normals-array" count="0" stride="3">
              <param name="X" type="float"/>
              <param name="Y" type="float"/>
              <param name="Z" type="float"/>
            </accessor>
          </technique_common>
        </source>
        <vertices id="Cube_001-mesh-vertices">
          <input semantic="POSITION" source="#Cube_001-mesh-positions"/>
        </vertices>
      </mesh>
    </geometry>
    <geometry id="Cube_004-mesh" name="Cube.004">
      <mesh>
        <source id="Cube_004-mesh-positions">
          <float_array id="Cube_004-mesh-positions-array" count="1242">0.3425793 0.2586592 -8.41498e-4 0.3037909 0.2974476 -8.41498e-4 0.3200669 0.3137236 -8.41498e-4 0.3200669 0.2586592 -8.41498e-4 0.3037909 0.2749353 -8.41498e-4 0.3685019 0.3013915 0.04993909 0.3685019 0.2709913 0.04993909 0.316123 0.3233703 0.04993909 0.3465231 0.3233703 0.04993909 0.2941442 0.2709913 0.04993909 0.2941442 0.3013915 0.04993909 0.3465231 0.2490125 0.04993909 0.316123 0.2490125 0.04993909 0.3588553 0.2749353 -8.41498e-4 0.3588553 0.2974476 -8.41498e-4 0.3425793 0.3137236 -8.41498e-4 0.3425793 -0.2586593 -8.41498e-4 0.3037909 -0.2974477 -8.41498e-4 0.3200669 -0.3137237 -8.41498e-4 0.3200669 -0.2586593 -8.41498e-4 0.3037909 -0.2749353 -8.41498e-4 0.3685019 -0.3013916 0.04993909 0.3685019 -0.2709914 0.04993909 0.316123 -0.3233703 0.04993909 0.3465231 -0.3233703 0.04993909 0.2941442 -0.2709914 0.04993909 0.2941442 -0.3013916 0.04993909 0.3465231 -0.2490126 0.04993909 0.316123 -0.2490126 0.04993909 0.3588553 -0.2749353 -8.41498e-4 0.3588553 -0.2974477 -8.41498e-4 0.3425793 -0.3137237 -8.41498e-4 0.414908 0.3864484 0.04993903 0.414908 -0.3864485 0.04993903 0.4531941 0.2556883 0.04993903 0.4531941 -0.2556884 0.04993903 0.5564653 -0.06531012 0.3395442 0.5583686 0 0.3395442 0.5564653 0.06531012 0.3395442 0.5293558 0.2367171 0.2258561 0.5293558 -0.2367172 0.2258561 0.5416747 0.1859874 0.2722474 0.5508284 0.1281104 0.2882661 0.5564653 0.06531006 0.2999314 0.5583686 0 0.3049473 0.5564653 -0.06531018 0.2999314 0.5508284 -0.1281104 0.2882661 0.5416747 -0.1859875 0.2722474 0.4533898 0.2514428 0.2258561 0.4533898 -0.2514429 0.2258561 0.4531515 0.1975573 0.2722474 0.4529097 0.1360799 0.2882661 0.4531109 0.06937289 0.2999314 0.453217 0 0.3049473 0.4531109 -0.06937295 0.2999314 0.4529097 -0.1360799 0.2882661 0.4531515 -0.1975575 0.2722474 0.504009 0.3216498 0.06696617 0.4879041 0.3156291 0.04993909 0.4517763 0.3777671 0.06696617 0.4370647 0.3701638 0.04993909 0.4843896 0.3540492 0.06696617 0.4689006 0.3470112 0.04993909 0.4879041 -0.3156291 0.04993909 0.504009 -0.3216499 0.06696617 0.4843896 -0.3540492 0.06696617 0.4689006 -0.3470112 0.04993909 0.4370647 -0.3701639 0.04993909 0.4517763 -0.3777672 0.06696617 0.5167139 0.2794415 0.06696611 0.4996039 0.2768396 0.04993903 0.4996039 -0.2768396 0.04993903 0.5167139 -0.2794416 0.06696611 0.499604 0.2494552 0.04993903 0.5167139 0.2463111 0.06696611 0.5167139 -0.2463111 0.06696611 0.499604 -0.2494552 0.04993903 0.4778478 0.1482135 0.150678 0.507085 0.1365519 0.1250936 0.5648971 0.19054 0.1251016 0.5654941 0.1911121 0.1506861 0.5262458 0.1544719 0.1720009 0.5479254 0.1747176 0.1720039 0.5246537 0.1529465 0.1037758 0.5463333 0.173192 0.1037788 0.5070853 -0.1365519 0.125064 0.4778482 -0.1371239 0.1507076 0.524654 -0.1529465 0.1036969 0.5262462 -0.1544719 0.1720798 0.5654944 -0.1911121 0.1507157 0.5479257 -0.1747174 0.1720829 0.5648974 -0.19054 0.1250721 0.5463336 -0.173192 0.1036999 0.4523289 -0.2356619 0.1250721 0.4522982 -0.2085113 0.1036999 0.4522855 -0.2108545 0.1720829 0.4523241 -0.2365406 0.1507157 0.4522441 -0.1791526 0.1720798 0.4522135 -0.152002 0.1507076 0.4522568 -0.1768094 0.1036969 0.4522182 -0.1511234 0.125064 0.4522179 0.1497371 0.1250936 0.4522565 0.1754232 0.1037758 0.4522132 0.1506158 0.150678 0.4522438 0.1777664 0.1720009 0.4522852 0.2094684 0.1720039 0.4523238 0.2351543 0.1506861 0.4523286 0.2342756 0.1251016 0.452298 0.2071251 0.1037788 0.5364602 -0.1110126 0.1037077 0.5364571 0.1110225 0.103765 0.5494053 2.91056e-6 0.1037364 0.5156127 0.1095097 0.1250907 0.5156129 -0.1095097 0.1250669 0.5299169 0 0.1250788 0.5163238 0.109605 0.150681 0.5163243 -0.1096042 0.1507046 0.5305809 2.0996e-7 0.1506928 0.5383329 0.1111122 0.1720119 0.5383361 -0.1111018 0.1720687 0.5511637 3.05118e-6 0.1720404 0.563605 0.1110987 0.1720183 0.5636078 -0.111088 0.1720685 0.5749475 3.14718e-6 0.1720434 0.5833464 0.1118808 0.1506922 0.5833513 -0.1118602 0.1507095 0.5937897 6.0414e-6 0.1507009 0.5617933 -0.1110126 0.1037141 0.5617907 0.1110225 0.1037647 0.5732253 2.89009e-6 0.1037393 0.5826875 -0.1118207 0.1250782 0.5826827 0.1118408 0.1250956 0.5931536 5.88083e-6 0.1250869 -0.3425793 0.2586592 -8.41498e-4 -0.3037909 0.2974476 -8.41498e-4 -0.3200669 0.3137236 -8.41498e-4 -0.3200669 0.2586592 -8.41498e-4 -0.3037909 0.2749353 -8.41498e-4 -0.3685019 0.3013915 0.04993909 -0.3685019 0.2709913 0.04993909 -0.316123 0.3233703 0.04993909 -0.3465231 0.3233703 0.04993909 -0.2941442 0.2709913 0.04993909 -0.2941442 0.3013915 0.04993909 -0.3465231 0.2490125 0.04993909 -0.316123 0.2490125 0.04993909 -0.3588553 0.2749353 -8.41498e-4 -0.3588553 0.2974476 -8.41498e-4 -0.3425793 0.3137236 -8.41498e-4 -0.3425793 -0.2586593 -8.41498e-4 -0.3037909 -0.2974477 -8.41498e-4 -0.3200669 -0.3137237 -8.41498e-4 -0.3200669 -0.2586593 -8.41498e-4 -0.3037909 -0.2749353 -8.41498e-4 -0.3685019 -0.3013916 0.04993909 -0.3685019 -0.2709914 0.04993909 -0.316123 -0.3233703 0.04993909 -0.3465231 -0.3233703 0.04993909 -0.2941442 -0.2709914 0.04993909 -0.2941442 -0.3013916 0.04993909 -0.3465231 -0.2490126 0.04993909 -0.316123 -0.2490126 0.04993909 -0.3588553 -0.2749353 -8.41498e-4 -0.3588553 -0.2974477 -8.41498e-4 -0.3425793 -0.3137237 -8.41498e-4 -0.414908 0.3864484 0.04993903 -0.414908 -0.3864485 0.04993903 -0.4531941 0.2556883 0.04993903 -0.4531941 -0.2556884 0.04993903 -0.5564653 -0.06531012 0.3395442 -0.5583686 0 0.3395442 -0.5564653 0.06531012 0.3395442 -0.5293558 0.2367171 0.2258561 -0.5293558 -0.2367172 0.2258561 -0.5416747 0.1859874 0.2722474 -0.5508284 0.1281104 0.2882661 -0.5564653 0.06531006 0.2999314 -0.5583686 0 0.3049473 -0.5564653 -0.06531018 0.2999314 -0.5508284 -0.1281104 0.2882661 -0.5416747 -0.1859875 0.2722474 -0.4533898 0.2514428 0.2258561 -0.4533898 -0.2514429 0.2258561 -0.4531515 0.1975573 0.2722474 -0.4529097 0.1360799 0.2882661 -0.4531109 0.06937289 0.2999314 -0.453217 0 0.3049473 -0.4531109 -0.06937295 0.2999314 -0.4529097 -0.1360799 0.2882661 -0.4531515 -0.1975575 0.2722474 -0.504009 0.3216498 0.06696617 -0.4879041 0.3156291 0.04993909 -0.4517763 0.3777671 0.06696617 -0.4370647 0.3701638 0.04993909 -0.4843896 0.3540492 0.06696617 -0.4689006 0.3470112 0.04993909 -0.4879041 -0.3156291 0.04993909 -0.504009 -0.3216499 0.06696617 -0.4843896 -0.3540492 0.06696617 -0.4689006 -0.3470112 0.04993909 -0.4370647 -0.3701639 0.04993909 -0.4517763 -0.3777672 0.06696617 -0.5167139 0.2794415 0.06696611 -0.4996039 0.2768396 0.04993903 -0.4996039 -0.2768396 0.04993903 -0.5167139 -0.2794416 0.06696611 -0.499604 0.2494552 0.04993903 -0.5167139 0.2463111 0.06696611 -0.5167139 -0.2463111 0.06696611 -0.499604 -0.2494552 0.04993903 -0.4778478 0.1482135 0.150678 -0.507085 0.1365519 0.1250936 -0.5648971 0.19054 0.1251016 -0.5654941 0.1911121 0.1506861 -0.5262458 0.1544719 0.1720009 -0.5479254 0.1747176 0.1720039 -0.5246537 0.1529465 0.1037758 -0.5463333 0.173192 0.1037788 -0.5070853 -0.1365519 0.125064 -0.4778482 -0.1371239 0.1507076 -0.524654 -0.1529465 0.1036969 -0.5262462 -0.1544719 0.1720798 -0.5654944 -0.1911121 0.1507157 -0.5479257 -0.1747174 0.1720829 -0.5648974 -0.19054 0.1250721 -0.5463336 -0.173192 0.1036999 -0.4523289 -0.2356619 0.1250721 -0.4522982 -0.2085113 0.1036999 -0.4522855 -0.2108545 0.1720829 -0.4523241 -0.2365406 0.1507157 -0.4522441 -0.1791526 0.1720798 -0.4522135 -0.152002 0.1507076 -0.4522568 -0.1768094 0.1036969 -0.4522182 -0.1511234 0.125064 -0.4522179 0.1497371 0.1250936 -0.4522565 0.1754232 0.1037758 -0.4522132 0.1506158 0.150678 -0.4522438 0.1777664 0.1720009 -0.4522852 0.2094684 0.1720039 -0.4523238 0.2351543 0.1506861 -0.4523286 0.2342756 0.1251016 -0.452298 0.2071251 0.1037788 -0.5364602 -0.1110126 0.1037077 -0.5364571 0.1110225 0.103765 -0.5494053 2.91056e-6 0.1037364 -0.5156127 0.1095097 0.1250907 -0.5156129 -0.1095097 0.1250669 -0.5299169 0 0.1250788 -0.5163238 0.109605 0.150681 -0.5163243 -0.1096042 0.1507046 -0.5305809 2.0996e-7 0.1506928 -0.5383329 0.1111122 0.1720119 -0.5383361 -0.1111018 0.1720687 -0.5511637 3.05118e-6 0.1720404 -0.563605 0.1110987 0.1720183 -0.5636078 -0.111088 0.1720685 -0.5749475 3.14718e-6 0.1720434 -0.5833464 0.1118808 0.1506922 -0.5833513 -0.1118602 0.1507095 -0.5937897 6.0414e-6 0.1507009 -0.5617933 -0.1110126 0.1037141 -0.5617907 0.1110225 0.1037647 -0.5732253 2.89009e-6 0.1037393 -0.5826875 -0.1118207 0.1250782 -0.5826827 0.1118408 0.1250956 -0.5931536 5.88083e-6 0.1250869 0.2357078 0.3864485 0.09341734 0.2617346 0.3864485 0.09822797 0.2756037 0.3864485 0.1121891 0.2866103 0.3864485 0.1339339 0.293677 0.3864485 0.161334 0.2357078 -0.3864485 0.09341746 0.293677 -0.3864485 0.1613342 0.2866103 -0.3864485 0.133934 0.2756037 -0.3864485 0.1121892 0.2617346 -0.3864485 0.09822809 0.2357078 0.365117 0.09341728 0.2936771 0.365117 0.161334 0.2866104 0.365117 0.1339339 0.2756038 0.365117 0.112189 0.2617347 0.365117 0.09822791 0.2357078 -0.365117 0.0934174 0.2617347 -0.365117 0.09822803 0.2756038 -0.365117 0.1121891 0.2866104 -0.365117 0.133934 0.2936771 -0.365117 0.1613341 -0.2357078 0.3864485 0.09341734 -0.293677 0.3864485 0.161334 -0.2866103 0.3864485 0.1339339 -0.2756037 0.3864485 0.1121891 -0.2617346 0.3864485 0.09822797 -0.2357078 -0.3864485 0.09341746 -0.2617346 -0.3864485 0.09822809 -0.2756037 -0.3864485 0.1121892 -0.2866103 -0.3864485 0.133934 -0.293677 -0.3864485 0.1613342 -0.2357078 0.365117 0.09341728 -0.2617347 0.365117 0.09822791 -0.2756038 0.365117 0.112189 -0.2866104 0.365117 0.1339339 -0.2936771 0.365117 0.161334 -0.2357078 -0.365117 0.0934174 -0.2936771 -0.365117 0.1613341 -0.2866104 -0.365117 0.133934 -0.2756038 -0.365117 0.1121891 -0.2617347 -0.365117 0.09822803 0.3663077 0.3864485 0.332916 0.3095182 0.3864485 0.2779185 0.3250477 0.3864485 0.3074352 0.3446161 0.3864485 0.326386 0.3663077 -0.3864485 0.3329162 0.3446161 -0.3864485 0.3263861 0.3250477 -0.3864485 0.3074352 0.3095182 -0.3864485 0.2779186 -0.3663077 0.3864485 0.332916 -0.3446161 0.3864485 0.326386 -0.3250477 0.3864485 0.3074352 -0.3095182 0.3864485 0.2779185 -0.3663077 -0.3864485 0.3329162 -0.3095182 -0.3864485 0.2779186 -0.3250477 -0.3864485 0.3074352 -0.3446161 -0.3864485 0.3263861 -0.3663077 0.3662243 0.3329161 -0.3663077 -0.3662244 0.3329161 -0.3446161 -0.3662244 0.326386 -0.3446161 0.3662243 0.3263861 -0.3250477 -0.3662244 0.3074352 -0.3250477 0.3662243 0.3074352 -0.3095182 -0.3662244 0.2779185 -0.3095182 0.3662243 0.2779185 0.3095182 -0.3662244 0.2779185 0.3095182 0.3662243 0.2779185 0.3250477 -0.3662244 0.3074352 0.3250477 0.3662243 0.3074352 0.3446161 -0.3662244 0.326386 0.3446161 0.3662243 0.3263861 0.3663077 -0.3662244 0.332916 0.3663077 0.3662243 0.3329161 0.0182681 0.09005981 0.4101663 0.0182681 0.09005981 0.4483808 0.05109059 0.07646429 0.4101663 0.05109059 0.07646435 0.4483808 0.07621186 0.05134302 0.4101663 0.07621186 0.05134302 0.4483808 0.08980733 0.01852053 0.4101663 0.08980733 0.01852053 0.4483808 0.08980733 -0.01700621 0.4101663 0.08980733 -0.01700621 0.4483808 0.07621181 -0.0498287 0.4101663 0.07621181 -0.0498287 0.4483808 0.05109059 -0.07494997 0.4101663 0.05109059 -0.07494992 0.4483808 0.0182681 -0.08854544 0.4101663 0.0182681 -0.0885455 0.4483808 -0.01725864 -0.08854544 0.4101663 -0.01725864 -0.0885455 0.4483808 -0.05008113 -0.07494997 0.4101663 -0.05008113 -0.07494997 0.4483808 -0.07520234 -0.0498287 0.4101663 -0.0752024 -0.04982876 0.4483808 -0.08879792 -0.01700621 0.4101663 -0.08879792 -0.01700621 0.4483808 -0.08879792 0.01852053 0.4101663 -0.08879792 0.01852053 0.4483808 -0.0752024 0.05134308 0.4101663 -0.0752024 0.05134308 0.4483808 -0.05008113 0.07646435 0.4101663 -0.05008113 0.07646429 0.4483808 -0.01725864 0.09005981 0.4101663 -0.01725864 0.09005981 0.4483808 -0.414908 -0.3864485 0.3353255 -0.5160365 -0.2817308 0.3359685 -0.504009 -0.3216499 0.3348204 -0.5160365 0.2817307 0.3359685 -0.5293558 0.2367171 0.3360782 -0.504009 0.3216498 0.3348204 -0.414908 0.3864484 0.3353255 -0.4843896 0.3540491 0.3337135 -0.4517763 0.377767 0.3348988 -0.4517763 -0.3777672 0.3348988 -0.4843896 -0.3540492 0.3337135 -0.5416747 0.1859875 0.3362172 -0.5508284 0.1281104 0.3375073 -0.5508284 -0.1281104 0.3375073 -0.5416747 -0.1859875 0.3362172 -0.5293558 -0.2367172 0.3360782 0.414908 -0.3864485 0.3353255 0.504009 -0.3216499 0.3348204 0.5160365 -0.2817308 0.3359685 0.5293558 0.2367171 0.3360782 0.5160365 0.2817307 0.3359685 0.504009 0.3216498 0.3348204 0.414908 0.3864484 0.3353255 0.4517763 0.377767 0.3348988 0.4843896 0.3540491 0.3337135 0.4843896 -0.3540492 0.3337135 0.4517763 -0.3777672 0.3348988 0.5416747 0.1859875 0.3362172 0.5508284 0.1281104 0.3375073 0.5508284 -0.1281104 0.3375073 0.5416747 -0.1859875 0.3362172 0.5293558 -0.2367172 0.3360782 -0.08287644 0.3662243 0.3684922 0.08287644 0.3662243 0.3684921 -0.08287644 -0.3662244 0.3684921 0.08287644 -0.3662244 0.3684921 -0.2463122 0.3662243 0.3590347 0.2463122 0.3662243 0.3590346 -0.2463122 -0.3662244 0.3590346 0.2463123 -0.3662244 0.3590346 0.3713024 -0.3662018 0.3421488 0.3713024 0.3662017 0.3421488 -0.3713024 0.3662017 0.3421488 -0.3713024 -0.3662018 0.3421488</float_array>
          <technique_common>
            <accessor source="#Cube_004-mesh-positions-array" count="414" stride="3">
              <param name="X" type="float"/>
              <param name="Y" type="float"/>
              <param name="Z" type="float"/>
            </accessor>
          </technique_common>
        </source>
        <source id="Cube_004-mesh-normals">
          <float_array id="Cube_004-mesh-normals-array" count="1863">0.9824305 0 -0.1866286 0 -0.9824305 -0.186629 -0.9824303 0 -0.1866296 0.6947752 -0.6947751 -0.1859438 -0.6947748 0.6947753 -0.1859448 -0.6947748 -0.6947753 -0.1859446 0.6947752 0.6947751 -0.1859441 0 0.9824304 -0.1866294 0 0 -1 0 0 -1 0 0 -1 0.9824306 0 -0.1866285 0 0.9824304 -0.1866294 0.6947755 0.6947748 -0.1859437 -0.6947748 -0.6947754 -0.1859443 -0.6947751 0.6947751 -0.1859446 0.6947751 -0.6947751 -0.1859441 0 -0.9824304 -0.1866294 0 0 -1 0 0 -1 -6.0828e-7 5.93004e-7 -1 0 3.14348e-6 1 -5.77866e-7 -5.93004e-7 -1 -2.13117e-7 0 -1 0.9573258 -0.2889963 0.00292313 0.9575237 -0.2883546 -2.14784e-5 0.9583714 -0.2855241 6.0335e-4 0.9589033 0.2837334 0 0.9596722 0.2811188 -0.001301467 0.9580607 0.286565 -6.26874e-4 -1.37054e-7 -3.70195e-7 -1 0.9575238 0.2883546 -2.1438e-5 0.9583714 0.2855242 6.0339e-4 -2.13117e-7 0 -1 0.2292006 -0.9733793 -2.66628e-7 0 8.49002e-7 -1 -7.32802e-7 0 -1 0.9968498 0 -0.07931274 -1.71318e-7 3.70195e-7 -1 0 -8.49e-7 -1 -0.01496762 -0.183906 -0.9828299 -0.08493769 0.6498687 -0.7552855 -0.1330258 -0.6862472 -0.7151007 -0.01496803 0.1839061 -0.9828299 -0.003013372 -0.0766614 -0.9970527 -0.001309931 -0.07447046 -0.9972224 -0.002231538 -0.07937145 -0.9968426 -0.03552299 -0.2717905 -0.9617007 -0.03552305 0.2717903 -0.9617007 -0.00131005 0.0744704 -0.9972224 -0.003013432 0.0766614 -0.9970527 -0.002231597 0.07937145 -0.9968426 0.9999916 -0.003453671 -0.0022403 0.9999915 0.003454506 -0.002242326 0.9999998 -2.59564e-4 -7.11532e-4 0.9999998 2.61289e-4 -7.11672e-4 0.9998944 -0.005638062 0.01339918 0.9998886 -7.61084e-5 0.01492875 0.9999321 -0.003788769 0.01102364 0.999893 0.005701422 0.0134803 0.999927 0.004199981 0.01133537 0.999888 7.76807e-5 0.01497328 0.9998641 -9.38025e-4 0.01646143 0.9998639 9.47983e-4 0.01647365 0.9999235 4.916e-4 0.01236563 0.9999239 -6.83698e-5 0.01234215 -5.45465e-7 0 -1 -0.1901182 -0.9807705 -0.04409366 -7.32802e-7 0 -1 0.9589031 -0.2837338 0 0.959672 -0.2811192 -0.001301467 0.9968498 0 -0.07931274 -0.1330265 0.6862473 -0.7151004 -0.08493763 -0.6498686 -0.7552857 -0.02051144 -0.2520157 -0.9675058 -0.006772398 -0.1722753 -0.9850256 -0.001713931 -0.07435768 -0.9972302 -6.88072e-4 -0.06942677 -0.9975869 0 -0.07211399 -0.9973965 -0.001713991 0.07435768 -0.9972302 0 0.07211393 -0.9973964 -6.8818e-4 0.06942677 -0.9975869 -0.006771862 0.1722753 -0.9850257 -0.02051085 0.2520155 -0.9675059 -0.1901187 0.9807704 -0.04409348 0.4449874 0.6088625 -0.6567137 0.4464686 0.6074594 -0.6570075 0.4449866 0.6068897 -0.6585378 0.4464682 -0.6074588 -0.6570083 0.4449867 -0.6088617 -0.6567148 0.4449862 -0.606889 -0.6585386 0.445419 0.6088256 -0.6564552 0.4438825 0.6103599 -0.656071 0.4453157 0.6108259 -0.6546647 0.6072097 0.3676962 -0.7043408 0.607209 -0.3676968 -0.7043411 0.4438832 -0.6103594 -0.6560711 0.4454199 -0.6088252 -0.656455 0.4453161 -0.6108256 -0.6546645 0.6746994 -0.2032887 -0.7095453 0.6746997 0.2032887 -0.7095449 0.7053886 1.27514e-6 -0.7088209 0.7053887 -1.27514e-6 -0.7088207 3.60104e-5 -1.01137e-4 -1 0.2411224 0.6195846 0.7469772 -0.2062007 0.6255889 -0.7524095 0.2405818 -0.600196 -0.7628141 -3.62277e-5 9.63105e-5 1 -3.49236e-5 -9.58425e-5 1 3.43431e-5 1.01503e-4 -1 0.2332867 0.6004424 -0.7648832 -0.1944368 -0.6262799 -0.7549622 0.2485668 -0.6192234 0.7448336 0.9999995 -2.93081e-4 9.9552e-4 0.9999985 5.34527e-7 0.001806914 0.9999995 2.61929e-4 0.001085817 0.9999998 7.22423e-4 -7.48166e-5 0.9999996 8.123e-4 4.79373e-4 0.9999997 -7.20196e-4 4.46807e-4 0.9999998 -7.20478e-4 -7.48639e-5 -0.2565396 0.9659684 0.03305441 0.3721201 -0.9276821 -0.03053766 0.3622425 0.9315814 -0.03060472 -0.2019892 0.6056402 0.7696754 -0.19081 -0.6061663 0.7721101 -0.09325057 -0.9950566 0.03415882 0.9996043 -0.005636096 0.02756065 0.9996042 0.005636036 0.02756041 0.999969 -0.004218041 0.006651937 0.999912 -0.01200312 0.005655109 0.9999237 -0.008311271 0.009146749 -0.1393252 -0.9899204 -0.02541673 0.9986887 -0.05116504 -0.001801073 -0.1393257 0.9899204 -0.02541679 0.9984737 0.05520009 -0.00186783 0.9999037 0.0124424 0.006157696 0.9999684 0.00433278 0.006682693 0.9999216 0.008425295 0.009269535 0.9998592 0.0127592 -0.01090031 0.9999073 0.006783485 -0.01180857 0.9997888 0.01131266 -0.01715582 0.9998636 -0.012582 -0.01069992 0.9997949 -0.01126325 -0.01683664 0.9999098 -0.006663739 -0.01166456 0.9999806 0.001153349 -0.006132602 0.9999874 -0.003718674 -0.003410577 0.9999297 -0.007418692 -0.009260594 0.9999568 -5.12497e-5 -0.00929588 0.9999868 0.003828167 -0.003428161 0.9999805 -0.001147568 -0.006149709 0.9999567 5.41851e-5 -0.009314894 0.9999276 0.007560074 -0.009359776 0.9999776 -0.003238976 -0.005872666 0.9999637 6.60948e-7 -0.008519649 0.9999775 0.00324124 -0.005881369 -4.17224e-5 2.29061e-4 -1 -0.6904698 -0.2176623 -0.6898368 -0.3418388 -0.3405978 0.8758649 -2.71496e-4 1.67249e-4 1 0.6991538 0.1575862 0.6973884 -0.6943931 -0.1953244 -0.6925798 0.6888192 0.1626526 -0.7064505 0.9751265 0.2200418 -0.02664959 0.6895506 -0.1626204 -0.705744 -0.9533436 0.3006263 0.02756202 0.9751277 -0.2200421 -0.02660083 0.6999918 -0.1576659 0.6965293 3.86826e-5 2.27864e-4 1 -0.6772699 0.1889786 0.7110503 -0.694855 0.1958094 -0.6919792 0.9953427 -0.0930165 -0.02531856 0.9953389 0.0930525 -0.02533489 0.712078 -0.06659102 -0.6989354 0.7289105 0.07523053 -0.680463 1.90909e-4 2.21963e-4 -1 5.47804e-5 2.4895e-4 -1 0.7309503 -0.07445877 0.6783566 0.7304254 0.07472801 0.6788921 -5.68265e-5 2.46841e-4 1 -1.92e-4 2.19901e-4 1 -0.6914281 0.08001244 0.7180008 -0.7167451 -0.09315896 0.6910845 -0.9912546 0.1292058 0.02683889 -0.9912536 -0.1292088 0.02686196 -0.7092793 0.09272098 -0.6988031 -0.7357354 -0.08563482 -0.6718335 2.72216e-4 1.68699e-4 -1 -0.1702225 -0.7083393 -0.68504 -0.7087747 -0.09250485 -0.6993435 -0.7357257 0.08596295 -0.6718022 -0.1858489 0.6997913 -0.6897481 -0.488869 0.683447 -0.5421323 -0.4392735 0.7568555 -0.483951 -0.6693201 0.2111433 -0.7123407 -0.6686122 -0.2107671 -0.7131165 -0.7081473 -0.7057123 0.0223062 -0.230116 -0.9575723 0.1734991 0.7478334 -0.06973117 0.6602143 0.7478186 0.06985801 0.6602175 -3.53332e-5 -1.12296e-4 1 -3.75594e-5 1.10478e-4 1 0.7189617 0.1773479 0.672043 0.719513 -0.1771792 0.6714973 0.248886 -0.6586995 0.7100499 0.2409659 0.6631796 0.7086101 0.2406476 -0.6407084 -0.7290964 0.7289389 -0.07490909 -0.6804681 0.7115477 0.06667524 -0.6994672 0.2328322 0.6452237 -0.7276508 -0.2398221 0.4132068 0.8784905 -0.7167492 0.09330451 0.6910607 -0.08332037 -0.8890954 0.4500747 -0.6909316 -0.07960385 0.718524 -0.676796 -0.1884855 0.7116323 -0.2624885 0.3670892 0.8923819 -0.9824305 0 -0.1866286 0 -0.9824305 -0.1866291 0.9824303 0 -0.1866296 -0.6947752 -0.6947751 -0.1859438 0.6947748 0.6947753 -0.1859446 0.6947748 -0.6947753 -0.1859446 -0.6947751 0.6947751 -0.1859441 0 0 -1 0 0 -1 -0.9824306 0 -0.1866285 -0.6947755 0.6947748 -0.1859439 0.6947748 -0.6947754 -0.1859443 0.6947751 0.6947751 -0.1859447 -0.6947751 -0.694775 -0.1859443 0 -0.9824304 -0.1866295 0 0 -1 0 0 -1 5.77866e-7 5.93005e-7 -1 0 0 -1 0 0 -1 6.0828e-7 -5.93004e-7 -1 2.43563e-7 0 -1 -0.9575239 -0.288354 -2.14784e-5 -0.9583581 -0.2855685 5.93433e-4 -0.958903 0.2837342 0 -0.9596597 0.2811611 -0.001280784 1.37054e-7 -3.70195e-7 -1 -0.9575239 0.288354 -2.14316e-5 -0.9583581 0.2855685 5.93479e-4 -0.9573292 0.2889856 0.00287646 2.43563e-7 0 -1 -0.2292003 -0.9733793 -2.66627e-7 0 8.49002e-7 -1 7.32802e-7 0 -1 -0.9968498 0 -0.07931274 1.37054e-7 3.70195e-7 -1 0 -8.49e-7 -1 0.01496762 -0.183906 -0.9828299 0.08493769 0.6498687 -0.7552855 0.1330258 -0.6862472 -0.7151007 0.01496803 0.1839061 -0.9828299 0.003013372 -0.0766614 -0.9970527 0.002231538 -0.07937145 -0.9968426 0.001309931 -0.07447046 -0.9972224 0.03552299 -0.2717905 -0.9617007 0.03552305 0.2717903 -0.9617007 0.00131005 0.0744704 -0.9972224 0.002231597 0.07937145 -0.9968426 0.003013432 0.0766614 -0.9970527 -0.9999915 -0.003453671 -0.0022403 -0.9999998 2.61282e-4 -7.11672e-4 -0.9999998 -2.59572e-4 -7.11532e-4 -0.9999916 0.003454506 -0.002242326 -0.9998944 -0.005638062 0.01339918 -0.9999321 -0.003788769 0.01102364 -0.9998887 -7.60893e-5 0.01492881 -0.999893 0.005701422 0.0134803 -0.999888 7.7651e-5 0.01497334 -0.999927 0.004199981 0.01133537 -0.9998641 -9.37875e-4 0.01646131 -0.9999239 -6.8367e-5 0.01234215 -0.9999235 4.91601e-4 0.01236563 -0.9998639 9.47762e-4 0.01647341 5.42855e-7 0 -1 0.1901182 -0.9807705 -0.04409366 7.32802e-7 0 -1 -0.9580739 -0.2865205 -6.16942e-4 -0.9589031 -0.2837338 0 -0.9596598 -0.2811607 -0.001280844 -0.9968498 0 -0.07931274 0.1330265 0.6862473 -0.7151004 0.08493763 -0.6498686 -0.7552857 0.02051144 -0.2520157 -0.9675058 0.006772398 -0.1722753 -0.9850256 0.001713931 -0.07435768 -0.9972302 0 -0.07211399 -0.9973965 6.88071e-4 -0.06942677 -0.9975869 0.001713991 0.07435768 -0.9972302 6.88181e-4 0.06942677 -0.9975869 0 0.07211393 -0.9973964 0.006771862 0.1722753 -0.9850257 0.02051085 0.2520155 -0.9675059 0.1901187 0.9807704 -0.04409348 -0.4450217 0.6088298 -0.6567206 -0.4449866 0.6068897 -0.6585378 -0.4464686 0.6074594 -0.6570075 -0.4464682 -0.6074588 -0.6570083 -0.4449862 -0.606889 -0.6585386 -0.4449868 -0.6088618 -0.6567147 -0.4454191 0.6088256 -0.656455 -0.4452825 0.6108152 -0.6546971 -0.4438827 0.6103601 -0.6560708 -0.6072097 0.3676962 -0.7043408 -0.607209 -0.3676968 -0.7043411 -0.4438832 -0.6103598 -0.6560705 -0.4453164 -0.6108259 -0.6546641 -0.44542 -0.6088256 -0.6564544 -0.6746993 -0.2032888 -0.7095453 -0.6746997 0.2032889 -0.7095449 -0.7053887 1.27514e-6 -0.7088208 -0.7053886 -1.27514e-6 -0.7088208 -3.60104e-5 -1.01137e-4 -1 -0.2411224 0.6195846 0.7469772 0.2062007 0.6255889 -0.7524095 -0.2405818 -0.600196 -0.7628141 3.62277e-5 9.63105e-5 1 3.49236e-5 -9.58425e-5 1 -3.43431e-5 1.01503e-4 -1 -0.2332867 0.6004424 -0.7648832 0.1944368 -0.6262799 -0.7549622 -0.2485668 -0.6192234 0.7448336 -0.9999995 -2.93035e-4 9.9552e-4 -0.9999995 2.61975e-4 0.001085817 -0.9999985 5.80463e-7 0.001806914 -0.9999998 7.22433e-4 -7.48167e-5 -0.9999998 -7.20468e-4 -7.48639e-5 -0.9999997 -7.20186e-4 4.46807e-4 -0.9999996 8.1231e-4 4.79373e-4 0.2565396 0.9659684 0.03305441 -0.37212 -0.9276822 -0.03053766 -0.3622426 0.9315814 -0.03060477 0.2019892 0.6056402 0.7696754 0.19081 -0.6061663 0.7721101 0.09325057 -0.9950566 0.03415882 -0.9996042 -0.005635499 0.02756059 -0.9996042 0.00563544 0.02756041 -0.999969 -0.004218041 0.006651937 -0.9999237 -0.008311271 0.009146749 -0.999912 -0.01200312 0.00565505 0.1393252 -0.9899204 -0.02541667 -0.9986886 -0.05116701 -0.001801073 0.1393257 0.9899204 -0.02541685 -0.9984738 0.05519795 -0.00186783 -0.9999037 0.0124424 0.006157696 -0.9999216 0.008425295 0.009269535 -0.9999684 0.00433278 0.006682693 -0.9998593 0.0127595 -0.01090031 -0.9997889 0.01131296 -0.01715582 -0.9999076 0.006736338 -0.01181578 -0.9998636 -0.01258254 -0.01069992 -0.9999096 -0.006711602 -0.01165682 -0.9997948 -0.0112639 -0.0168367 -0.9999806 0.001153469 -0.006132602 -0.9999566 -7.05848e-6 -0.009314656 -0.9999296 -0.007418632 -0.009260237 -0.9999873 -0.00369805 -0.00345391 -0.9999869 0.003849327 -0.003385186 -0.9999277 0.007560014 -0.009359776 -0.9999565 9.98724e-6 -0.00933361 -0.9999805 -0.001147627 -0.006149709 -0.9999776 -0.003238976 -0.005872666 -0.9999775 0.00324124 -0.005881369 -0.9999633 7.1869e-7 -0.008567631 4.1729e-5 2.29061e-4 -1 0.6904698 -0.2176623 -0.6898368 0.3418388 -0.3405978 0.8758649 2.71638e-4 1.6725e-4 1 -0.6991538 0.1575862 0.6973884 0.6943931 -0.1953244 -0.6925798 -0.6888191 0.1626527 -0.7064505 -0.9751264 0.2200418 -0.02664953 -0.6895506 -0.1626206 -0.705744 0.9533436 0.3006263 0.02756202 -0.9751276 -0.2200421 -0.02660089 -0.6999918 -0.1576659 0.6965293 -3.83491e-5 2.27864e-4 1 0.6772699 0.1889786 0.7110503 0.694855 0.1958094 -0.6919792 -0.9953427 -0.0930165 -0.02531856 -0.9953388 0.09305256 -0.02533489 -0.712078 -0.06659102 -0.6989354 -0.7289105 0.07523053 -0.680463 -1.90813e-4 2.21963e-4 -1 -5.4613e-5 2.4895e-4 -1 -0.7309503 -0.07445877 0.6783566 -0.7304254 0.07472801 0.6788921 5.67358e-5 2.46841e-4 1 1.92073e-4 2.19901e-4 1 0.6914281 0.08001244 0.7180008 0.7167451 -0.09315896 0.6910845 0.9912546 0.1292057 0.02683889 0.9912536 -0.1292089 0.02686196 0.7092793 0.09272098 -0.6988031 0.7357354 -0.08563482 -0.6718335 -2.72216e-4 1.68699e-4 -1 0.1702225 -0.7083393 -0.68504 0.7087747 -0.09250485 -0.6993435 0.7357257 0.08596295 -0.6718022 0.1858489 0.6997913 -0.6897481 0.488869 0.683447 -0.5421323 0.4392735 0.7568555 -0.483951 0.6693201 0.2111433 -0.7123407 0.6686122 -0.2107671 -0.7131165 0.7081473 -0.7057123 0.0223062 0.230116 -0.9575723 0.1734991 -0.7478334 -0.06973117 0.6602143 -0.7478186 0.06985801 0.6602175 3.53332e-5 -1.12296e-4 1 3.75594e-5 1.10478e-4 1 -0.7189617 0.1773479 0.672043 -0.719513 -0.1771792 0.6714973 -0.248886 -0.6586995 0.7100499 -0.2409659 0.6631796 0.7086101 -0.2406476 -0.6407084 -0.7290964 -0.7289389 -0.07490909 -0.6804681 -0.7115477 0.06667524 -0.6994672 -0.2328322 0.6452237 -0.7276508 0.2398221 0.4132068 0.8784905 0.7167492 0.09330451 0.6910607 0.08332037 -0.8890954 0.4500747 0.6909316 -0.07960385 0.718524 0.676796 -0.1884855 0.7116323 0.2624885 0.3670892 0.8923819 0 -3.14348e-6 1 0 -8.26817e-7 -1 0 8.26817e-7 -1 -0.1817557 4.22904e-6 0.9833437 -0.7094387 6.30846e-6 0.7047672 -0.8922145 7.78013e-6 0.4516122 -0.9683142 1.04846e-5 0.2497354 -0.1817554 -3.91933e-6 0.9833438 -0.7094387 -5.85403e-6 0.7047672 -0.8922145 -7.93377e-6 0.4516122 -0.9683142 -1.00199e-5 0.2497352 0.1817557 4.22904e-6 0.9833437 0.7094387 6.30846e-6 0.7047672 0.8922145 7.93377e-6 0.4516122 0.9683142 1.00199e-5 0.2497352 0.1817554 -3.91933e-6 0.9833438 0.7094387 -5.95425e-6 0.7047672 0.8922145 -6.88444e-6 0.4516122 0.9683142 -1.04846e-5 0.2497354 -0.8849871 1.66317e-6 0.4656157 -0.6956825 3.52152e-6 0.7183494 -0.2882582 4.40217e-6 0.9575527 0.2882592 3.38842e-6 0.9575525 0.6956825 3.03512e-6 0.7183494 0.8849869 1.64418e-6 0.4656159 0.8849868 1.77592e-6 0.4656163 0.6956821 2.02342e-6 0.7183498 0.2882616 4.40483e-6 0.9575517 -0.2882598 3.9512e-6 0.9575523 -0.6956821 1.83104e-6 0.7183498 -0.8849868 1.10878e-6 0.4656163 -0.9908946 2.17675e-6 0.1346402 0.9908946 3.04773e-6 0.1346401 0.9908947 -3.04773e-6 0.1346398 -0.9908946 -3.12043e-6 0.1346398 0.3826824 0.9238801 0 0.7071072 0.7071064 -4.28742e-7 0.9238798 0.3826829 0 1 0 0 0.9238795 -0.3826836 0 0.7071073 -0.7071064 2.23083e-7 0.382683 -0.9238798 -4.43023e-7 0 -1 -9.57514e-7 -0.3826825 -0.9238799 -2.39822e-7 -0.7071068 -0.7071068 -2.24826e-7 -2.84907e-7 0 1 -0.9238796 -0.3826836 -3.85868e-7 4.25571e-7 0 1 -1 -3.42994e-7 0 0 0 1 -0.9238796 0.3826834 0 2.00447e-6 0 1 -0.7071063 0.7071073 3.1379e-7 -4.00894e-6 0 1 -0.3826833 0.9238796 1.51246e-7 4.19436e-7 1 3.15308e-7 1.00224e-6 0 1 -0.2292007 0.9733793 0 -0.8553914 0.5179823 1.37981e-7 -0.971759 -0.2359758 0 -0.9877229 -0.1562163 0 0.9995756 0.02913028 0 0.9996175 0.02756255 0.002295851 0.9995756 -0.02913028 0 0.9996175 -0.02756249 0.002295911 0.9959959 -0.08939915 0 -0.9877229 0.1562162 0 -0.971759 0.2359757 0 -0.8553915 -0.5179822 0 -0.5881586 -0.8087457 0 -0.5881586 0.8087458 0 0.2292004 0.9733793 0 0.8553913 0.5179823 1.37981e-7 0.9717589 -0.2359761 0 0.9877229 -0.1562161 0 -0.995996 -0.0893985 0 -0.9995086 -0.03129833 -0.001739382 -0.9995756 -0.02913028 0 -0.9995756 0.02913028 0 -0.9996175 0.02756255 0.002295851 -0.995996 0.0893985 0 0.987723 0.156216 0 0.971759 0.235976 0 0.8553913 -0.5179823 0 0.5881586 -0.8087456 0 0.5881587 0.8087457 0 -0.1078821 0.1035333 0.988758 -0.1488324 0.002809286 0.9888585 -0.1488769 -0.004338741 0.9888463 -0.1076818 -0.1032959 0.9888046 -0.1432718 -0.04608201 0.98861 -0.1429039 -0.04469329 0.988727 -0.145814 -0.04510378 0.9882834 -0.143406 0.04612368 0.9885886 -0.1430339 0.04473173 0.9887065 -0.1309799 0.06790977 0.9890565 -0.1103308 0.1005927 0.9887913 -0.1447853 0.04493248 0.9884424 -0.1447564 0.04505211 0.9884412 -0.1446149 -0.04504036 0.9884625 -0.1446463 -0.04491084 0.9884637 -0.1307817 -0.06785118 0.9890866 -0.1314539 -0.06495791 0.9891918 -0.1100791 -0.1004409 0.9888348 0.1491372 -0.002814948 0.9888126 0.1492044 0.004348218 0.9887968 0.143685 0.04620999 0.988544 0.1433117 0.04481381 0.9886625 0.1462688 0.04522931 0.9882104 0.145084 0.04497861 0.9883965 0.14506 0.04507827 0.9883955 0.1080211 0.1036993 0.9887254 0.1105155 0.1007027 0.9887595 0.1312336 0.06798529 0.9890176 0.1319132 0.06504458 0.989125 0.1435509 -0.04616826 0.9885655 0.1431812 -0.04477518 0.9886831 0.1078211 -0.1034605 0.9887722 0.1102634 -0.100552 0.988803 0.1310348 -0.06792658 0.989048 0.1449444 -0.0449571 0.9884179 0.1449181 -0.04506617 0.9884169 0.9959959 0.08939856 0 -0.05252015 -0.1747169 0.983217 0.04951465 2.94566e-6 0.9987735 0.1334233 -0.0839256 0.9874993 0.0495156 4.37693e-6 0.9987735 -0.04951751 2.94566e-6 0.9987733 -0.04951465 4.37693e-6 0.9987735 0.05254924 -0.1748467 0.9831925 0.05703961 -0.1353001 0.9891614 0.05270057 0.1754932 0.9830691 -0.05702763 -0.1351075 0.9891885 -0.05267125 0.1753639 0.9830938 2.63658e-7 -0.1484183 0.9889247 8.80546e-7 1 2.61929e-6 9.6071e-7 1 -4.79475e-7 5.67431e-7 1 1.56397e-7 3.48946e-7 1 0 2.96327e-7 1 0 1.43824e-7 1 0 0 1 -1.05355e-6 -8.80546e-7 1 5.23857e-6 -9.6071e-7 1 -5.47971e-7 -3.95893e-7 -1 1.32336e-7 -5.67431e-7 1 1.92488e-7 -3.48946e-7 1 0 -2.96327e-7 1 0 -1.43824e-7 1 0 1.87318e-7 -1 -6.54819e-7 -3.20237e-7 -1 0 -3.48946e-7 -1 0 -2.96327e-7 -1 -2.65316e-6 -1.43824e-7 -1 0 0 -1 0 1.43824e-7 -1 -3.73712e-6 2.96327e-7 -1 0 3.48945e-7 -1 0 3.95893e-7 -1 1.92488e-7 -1.87318e-7 -1 0 3.20237e-7 -1 0 0 -1 -9.72599e-7 -0.01107347 -0.9998941 -0.009451568 0.01107347 -0.999894 -0.009451448 0 -0.999982 -0.00600177 0 1 0 0.01107347 0.999894 -0.009451329 -0.01107347 0.999894 -0.009451448 0 0.9999821 -0.006001651 -0.05707091 0.1357948 0.9890919 0.05708295 0.1359885 0.9890646 2.65072e-7 0.149214 0.9888049 -0.1334287 -0.08346652 0.9875374 0.0969218 -0.1240654 0.9875292 -0.1334244 0.08389908 0.9875014 0.1334185 0.08436077 0.9874628 0.09629166 0.1253857 0.9874241 -0.09661555 0.1246998 0.9874793 -0.09724426 -0.1233857 0.9875827 -0.3844771 -0.8988907 0.2101736 0.3844772 -0.8988901 0.210176 0.3844757 0.8988889 0.2101838 -0.3844766 0.8988886 0.2101833 2.27041e-4 -0.9999995 0.001044809 0 -1 0 -2.2704e-4 -0.9999995 0.001045167 0 -1 -7.31139e-7 0 -1 5.98281e-7 2.27643e-4 0.9999995 0.001044988 0 1 1.46228e-6 -2.27642e-4 0.9999995 0.001044809 0 1 1.46228e-6 0 1 2.99141e-7</float_array>
          <technique_common>
            <accessor source="#Cube_004-mesh-normals-array" count="621" stride="3">
              <param name="X" type="float"/>
              <param name="Y" type="float"/>
              <param name="Z" type="float"/>
            </accessor>
          </technique_common>
        </source>
        <source id="Cube_004-mesh-map-0">
          <float_array id="Cube_004-mesh-map-0-array" count="3776">0.1929652 0.7067523 0.1936659 0.6975687 0.1976656 0.6975687 0.1983664 0.7067523 0.1823613 0.7042675 0.1858133 0.6957287 0.1896248 0.6969413 0.1875082 0.705905 0.2139137 0.7018057 0.209179 0.6939056 0.2124434 0.6915944 0.2183219 0.6986846 0.1875082 0.705905 0.1896248 0.6969413 0.1936659 0.6975687 0.1929652 0.7067523 0.2089704 0.7042675 0.2055183 0.6957286 0.209179 0.6939056 0.2139137 0.7018057 0.2183219 0.6986846 0.2124434 0.6915944 0.2153791 0.6887472 0.2222861 0.6948398 0.1983664 0.7067523 0.1976656 0.6975687 0.2017068 0.6969413 0.2038235 0.705905 0.2038235 0.705905 0.2017068 0.6969413 0.2055183 0.6957286 0.2089704 0.7042675 0.2124434 0.6915944 0.2084441 0.6915332 0.205597 0.6885975 0.2056581 0.6845982 0.2154402 0.6847479 0.2153791 0.6887472 0.2085939 0.6817511 0.2125931 0.6818123 0.2085939 0.6817511 0.2153791 0.6887472 0.2124434 0.6915944 0.2056581 0.6845982 0.1793213 0.6768247 0.1739201 0.6768247 0.1746208 0.6676412 0.1786206 0.6676412 0.1899253 0.67434 0.1847783 0.6759776 0.1826617 0.667014 0.1864733 0.6658012 0.1583728 0.6718781 0.1539646 0.6687572 0.1598431 0.6616669 0.1631075 0.6639781 0.1847783 0.6759776 0.1793213 0.6768247 0.1786206 0.6676412 0.1826617 0.667014 0.1633161 0.67434 0.1583728 0.6718781 0.1631075 0.6639781 0.1667682 0.6658012 0.1948686 0.6718782 0.1899253 0.67434 0.1864733 0.6658012 0.1901339 0.6639782 0.1739201 0.6768247 0.1684631 0.6759775 0.1705797 0.6670139 0.1746208 0.6676412 0.1684631 0.6759775 0.1633161 0.67434 0.1667682 0.6658012 0.1705797 0.6670139 0.1901339 0.6639782 0.1857892 0.6552541 0.1895818 0.656525 0.1914048 0.6601856 0.1826807 0.6645303 0.1808577 0.6608697 0.1821286 0.6570771 0.1864733 0.6658012 0.1821286 0.6570771 0.1857892 0.6552541 0.1901339 0.6639782 0.1864733 0.6658012 0.2568912 0.5792939 0.2628345 0.5861342 0.2644972 0.6013343 0.2508727 0.5832428 0.2644972 0.6013343 0.3568326 0.5740095 0.3541962 0.578862 0.2693498 0.6039707 0.2708824 0.6091498 0.2693498 0.6039707 0.3541962 0.578862 0.3557289 0.5840412 0.2995271 0.9336166 0.3007854 0.8498701 0.3045749 0.8499271 0.3033166 0.9336736 0.2708824 0.6091498 0.3557289 0.5840412 0.3605814 0.5866775 0.2682461 0.6140023 0.3512192 0.5513794 0.3584175 0.551417 0.3568326 0.5740095 0.3499556 0.5603525 0.3620117 0.5724769 0.3568326 0.5740095 0.3584175 0.551417 0.364722 0.5530724 0.4149789 0.5191898 0.4168747 0.526315 0.3712414 0.5398193 0.3690302 0.5323475 0.1834976 0.5790413 0.2022757 0.5734843 0.2315791 0.5730224 0.18587 0.5869891 0.2593181 0.602867 0.2566817 0.6077195 0.244145 0.5946535 0.2464843 0.5880624 0.1881571 0.5939985 0.18587 0.5869891 0.2315791 0.5730224 0.2337902 0.5804943 0.2644972 0.6013343 0.2593181 0.602867 0.2464843 0.5880624 0.2508727 0.5832428 0.4207894 0.5394732 0.4227829 0.5458945 0.3741628 0.5602826 0.3751552 0.5529777 0.3683969 0.5802924 0.3668642 0.5751132 0.3702715 0.5573288 0.3741628 0.5602826 0.3499556 0.5603525 0.3465539 0.55276 0.3512192 0.5513794 0.4534943 0.8502964 0.4485711 0.8791199 0.4476338 0.8508456 0.3668642 0.5751132 0.3620117 0.5724769 0.364722 0.5530724 0.3702715 0.5573288 0.2582144 0.6128986 0.2424877 0.5992493 0.244145 0.5946535 0.2566817 0.6077195 0.3168898 0.9433194 0.3178154 0.9320021 0.3338053 0.9476082 0.3279544 0.8878871 0.3455281 0.8760388 0.3437986 0.8885483 0.3164306 0.966517 0.3166884 0.9541103 0.3293967 0.9710822 0.3217085 0.9091238 0.3245781 0.8981372 0.3419601 0.8996847 0.3178154 0.9320021 0.3194282 0.9205062 0.3357961 0.9357939 0.3166884 0.9541103 0.3168898 0.9433194 0.3318544 0.9587252 0.3245781 0.8981372 0.3279544 0.8878871 0.3437986 0.8885483 0.3194282 0.9205062 0.3217085 0.9091238 0.3399312 0.9114925 0.4220117 0.8684765 0.3586198 0.8668245 0.3635416 0.8631553 0.4172891 0.8645626 0.4275444 0.8564968 0.421914 0.8563483 0.4364209 0.8471618 0.3537246 0.8545427 0.3455965 0.8447749 0.3593551 0.8546901 0.421914 0.8563483 0.3593551 0.8546901 0.3455965 0.8447749 0.4364209 0.8471618 0.2644972 0.6013343 0.2628345 0.5861342 0.3499556 0.5603525 0.3568326 0.5740095 0.4485711 0.8791199 0.4348458 0.8783861 0.4476338 0.8508456 0.2628345 0.5861342 0.2568912 0.5792939 0.2615566 0.5779132 0.4149789 0.5191898 0.3690302 0.5323475 0.3938658 0.5167879 0.4126438 0.5112309 0.3317829 0.8760876 0.3283818 0.8470088 0.3342087 0.8478277 0.3455281 0.8760388 0.3279544 0.8878871 0.3317829 0.8760876 0.3293967 0.9710822 0.3166884 0.9541103 0.3318544 0.9587252 0.3318544 0.9587252 0.3168898 0.9433194 0.3338053 0.9476082 0.3338053 0.9476082 0.3178154 0.9320021 0.3357961 0.9357939 0.3357961 0.9357939 0.3194282 0.9205062 0.3378456 0.9236401 0.3399312 0.9114925 0.3378456 0.9236401 0.3194282 0.9205062 0.3419601 0.8996847 0.3399312 0.9114925 0.3217085 0.9091238 0.3437986 0.8885483 0.3419601 0.8996847 0.3245781 0.8981372 0.3317829 0.8760876 0.3342087 0.8478277 0.3455281 0.8760388 0.470391 0.8361369 0.4739672 0.8328084 0.4721688 0.8399642 0.3087338 0.8285988 0.3121532 0.832088 0.3102013 0.8358295 0.4721688 0.8399642 0.4669405 0.8448628 0.4652873 0.8409187 0.470391 0.8361369 0.4669405 0.8448628 0.4609722 0.8479717 0.4595064 0.8439301 0.4652873 0.8409187 0.3210183 0.844343 0.315199 0.8409632 0.3170318 0.8370993 0.3226682 0.8403732 0.315199 0.8409632 0.3102013 0.8358295 0.3121532 0.832088 0.3170318 0.8370993 0.3226682 0.8403732 0.3294354 0.8428266 0.3283818 0.8470088 0.3210183 0.844343 0.4526339 0.8460701 0.4595064 0.8439301 0.4609722 0.8479717 0.4534943 0.8502964 0.4534943 0.8502964 0.4476338 0.8508456 0.4477899 0.8465241 0.4526339 0.8460701 0.3294354 0.8428266 0.3342534 0.8435037 0.3342087 0.8478277 0.3283818 0.8470088 0.07306694 0.5255743 0.07307428 0.5312067 0.06021147 0.5354465 0.05635976 0.5318495 0.01167637 0.6047974 0.01052904 0.5989814 0.03084939 0.594904 0.07595878 0.6450886 0.07019644 0.6436859 0.07595878 0.631621 0.0676133 0.515336 0.06988346 0.5210235 0.05088901 0.5285466 0.02152901 0.5258513 0.02260756 0.520323 0.03806853 0.5298581 0.008403897 0.5936382 0.009467959 0.5881072 0.02626031 0.5908086 0.07307428 0.5937877 0.07306689 0.5994201 0.0563597 0.5933912 0.06021153 0.5897942 0.06760036 0.6049594 0.06506496 0.6105148 0.04885232 0.5965507 0.01036727 0.5774869 0.009278893 0.5716698 0.02270448 0.5723428 0.02660185 0.5161962 0.02984452 0.5112264 0.04385936 0.5277491 0.3638174 0.858605 0.3593551 0.8546901 0.421914 0.8563483 0.4172525 0.8600146 0.3635416 0.8631553 0.3638174 0.858605 0.4172525 0.8600146 0.4172891 0.8645626 0.07019644 0.6436859 0.06564855 0.6435078 0.07063508 0.6336315 0.04821795 0.50657 0.05272686 0.5072379 0.04984611 0.528591 0.04532295 0.5280417 0.04201138 0.6176857 0.03746885 0.6174697 0.03877025 0.5959343 0.04330372 0.5962696 0.01994913 0.5317749 0.02152901 0.5258513 0.03360289 0.5326569 0.009467959 0.5881072 0.01025092 0.5820308 0.02316302 0.5865447 0.01025092 0.5820308 0.01036727 0.5774869 0.01483184 0.5821338 0.3775207 0.8900448 0.3657275 0.8876615 0.3548834 0.8845297 0.3898184 0.8912596 0.4140652 0.8889318 0.4021631 0.8906924 0.3898184 0.8912596 0.4250589 0.8863739 0.4275444 0.8564968 0.4364209 0.8471618 0.4322671 0.8604107 0.4348458 0.8783861 0.4364209 0.8471618 0.444716 0.8476164 0.4476338 0.8508456 0.4322671 0.8604107 0.4364209 0.8471618 0.4348458 0.8783861 0.4323038 0.8649588 0.3342087 0.8478277 0.337289 0.8447931 0.3455965 0.8447749 0.3455281 0.8760388 0.3488026 0.8582119 0.3485269 0.8627623 0.3455281 0.8760388 0.3455965 0.8447749 0.3455965 0.8447749 0.3537246 0.8545427 0.3488026 0.8582119 0.3455281 0.8760388 0.3485269 0.8627623 0.3529892 0.8666771 0.3548834 0.8845297 0.4348458 0.8783861 0.4250589 0.8863739 0.4276422 0.868625 0.4323038 0.8649588 0.4220117 0.8684765 0.4276422 0.868625 0.4250589 0.8863739 0.3898184 0.8912596 0.3529892 0.8666771 0.3586198 0.8668245 0.3898184 0.8912596 0.3548834 0.8845297 0.4220117 0.8684765 0.3898184 0.8912596 0.3586198 0.8668245 0.06021153 0.5897942 0.0563597 0.5933912 0.05361342 0.5823456 0.0581144 0.5823456 0.07992446 0.6065469 0.08274114 0.6107229 0.07274085 0.6071222 0.01483184 0.5821338 0.02335393 0.5775547 0.02316302 0.5865447 0.02316302 0.5865447 0.02673655 0.5793901 0.03114509 0.5802418 0.02626031 0.5908086 0.03084939 0.594904 0.02672928 0.5909569 0.03615748 0.5814883 0.08337438 0.6020007 0.08756119 0.6085082 0.08274114 0.6107229 0.04885232 0.5965507 0.04708427 0.5823355 0.05239099 0.5823532 0.05396389 0.5936229 0.03877025 0.5959343 0.03998357 0.5817671 0.04451167 0.582194 0.04330372 0.5962696 0.04830598 0.5426377 0.05088901 0.5285466 0.05583012 0.5317626 0.053613 0.5428968 0.02427184 0.5398617 0.02445393 0.5348464 0.02882283 0.5400602 0.04377466 0.5421801 0.04532295 0.5280417 0.04984611 0.528591 0.04830598 0.5426377 0.04377466 0.5421801 0.0385558 0.5298725 0.04385936 0.5277491 0.03424614 0.5406303 0.03360289 0.5326569 0.03806853 0.5298581 0.03865367 0.5414867 0.06530421 0.629782 0.05689942 0.6329881 0.06114131 0.6262628 0.07091778 0.6257527 0.07595878 0.631621 0.06742215 0.629748 0.04377466 0.5421801 0.04830598 0.5426377 0.04640167 0.5624141 0.04186964 0.561996 0.04186964 0.561996 0.04640167 0.5624141 0.04451167 0.582194 0.03998357 0.5817671 0.04830598 0.5426377 0.053613 0.5428968 0.04640167 0.5624141 0.04640167 0.5624141 0.05158185 0.5626208 0.05239099 0.5823532 0.053613 0.5428968 0.05811393 0.5428968 0.05581402 0.5626208 0.05158185 0.5626208 0.05158185 0.5626208 0.05581402 0.5626208 0.0581144 0.5823456 0.05361342 0.5823456 0.03865367 0.5414867 0.04377466 0.5421801 0.03687763 0.5612471 0.03687763 0.5612471 0.03615748 0.5814883 0.03114509 0.5802418 0.03424614 0.5406303 0.03865367 0.5414867 0.03687763 0.5612471 0.03272908 0.5604434 0.03272908 0.5604434 0.03687763 0.5612471 0.03114509 0.5802418 0.02673655 0.5793901 0.02882283 0.5400602 0.03424614 0.5406303 0.03272908 0.5604434 0.09391421 0.6273677 0.09067666 0.6315234 0.07957303 0.6139856 0.02427184 0.5398617 0.02882283 0.5400602 0.02752751 0.5595868 0.02298873 0.5592764 0.06094706 0.5624759 0.06545722 0.5618783 0.06791347 0.5813389 0.06339609 0.5818589 0.07091778 0.6257527 0.06742215 0.629748 0.05320858 0.6164608 0.05581402 0.5626208 0.06094706 0.5624759 0.0581144 0.5823456 0.05811393 0.5428968 0.053613 0.5428968 0.05635976 0.5318495 0.06021147 0.5354465 0.02270448 0.5723428 0.0202673 0.57753 0.01036727 0.5774869 0.0581144 0.5823456 0.06094706 0.5624759 0.06339609 0.5818589 0.05320858 0.6164608 0.05635803 0.6124004 0.07091778 0.6257527 0.07595878 0.631621 0.07019644 0.6436859 0.07063508 0.6336315 0.06530421 0.629782 0.07063508 0.6336315 0.0655319 0.6382675 0.07063508 0.6336315 0.06564855 0.6435078 0.0655319 0.6382675 0.06742215 0.629748 0.07595878 0.631621 0.07063508 0.6336315 0.08274114 0.6107229 0.07992446 0.6065469 0.08337438 0.6020007 0.07274085 0.6071222 0.08274114 0.6107229 0.07957303 0.6139856 0.01483184 0.5821338 0.01036727 0.5774869 0.0202673 0.57753 0.03687763 0.5612471 0.04377466 0.5421801 0.04186964 0.561996 0.03615748 0.5814883 0.03687763 0.5612471 0.04177743 0.5624564 0.02626031 0.5908086 0.009467959 0.5881072 0.02316302 0.5865447 0.03806853 0.5298581 0.03360289 0.5326569 0.02152901 0.5258513 0.03615748 0.5814883 0.02672928 0.5909569 0.03114509 0.5802418 0.0385558 0.5298725 0.04377466 0.5421801 0.03865367 0.5414867 0.04385936 0.5277491 0.0385558 0.5298725 0.02660185 0.5161962 0.03084939 0.594904 0.01052904 0.5989814 0.02672928 0.5909569 0.05088901 0.5285466 0.06988346 0.5210235 0.05583012 0.5317626 0.04640167 0.5624141 0.053613 0.5428968 0.05158185 0.5626208 0.05239099 0.5823532 0.04708427 0.5823355 0.04640167 0.5624141 0.04885232 0.5965507 0.05396389 0.5936229 0.06760036 0.6049594 0.05689942 0.6329881 0.0655319 0.6382675 0.06564855 0.6435078 0.03272908 0.5604434 0.02752751 0.5595868 0.02882283 0.5400602 0.02316302 0.5865447 0.01025092 0.5820308 0.01483184 0.5821338 0.07957303 0.6139856 0.09067666 0.6315234 0.07603812 0.6181344 0.07077109 0.6121318 0.07957303 0.6139856 0.07603812 0.6181344 0.05689942 0.6329881 0.06530421 0.629782 0.0655319 0.6382675 0.189967 0.6933041 0.1845659 0.6933041 0.1852666 0.6841205 0.1892663 0.6841205 0.200571 0.6908193 0.195424 0.6924569 0.1933074 0.6834931 0.1971189 0.6822805 0.1690185 0.6883574 0.1646103 0.6852364 0.1704888 0.6781462 0.1737533 0.6804574 0.195424 0.6924569 0.189967 0.6933041 0.1892663 0.6841205 0.1933074 0.6834931 0.1739618 0.6908192 0.1690185 0.6883574 0.1737533 0.6804574 0.177414 0.6822805 0.2055143 0.6883574 0.200571 0.6908193 0.1971189 0.6822805 0.2007796 0.6804574 0.1845659 0.6933041 0.1791088 0.6924569 0.1812254 0.6834931 0.1852666 0.6841205 0.1791088 0.6924569 0.1739618 0.6908192 0.177414 0.6822805 0.1812254 0.6834931 0.2007796 0.6804574 0.1964349 0.6717333 0.2002274 0.6730042 0.2020505 0.676665 0.1933264 0.6810097 0.1915034 0.6773489 0.1927742 0.6735565 0.1971189 0.6822805 0.1927742 0.6735565 0.1964349 0.6717333 0.2007796 0.6804574 0.1971189 0.6822805 0.1682621 0.6609746 0.1689628 0.6517911 0.1729626 0.6517911 0.1736633 0.6609746 0.1576582 0.6584898 0.1611102 0.6499511 0.1649217 0.6511638 0.1628051 0.6601274 0.1483067 0.652907 0.1541851 0.6458168 0.1574496 0.6481279 0.1527149 0.656028 0.1628051 0.6601274 0.1649217 0.6511638 0.1689628 0.6517911 0.1682621 0.6609746 0.1443424 0.6490622 0.1512495 0.6429696 0.1541851 0.6458168 0.1483067 0.652907 0.1527149 0.656028 0.1574496 0.6481279 0.1611102 0.6499511 0.1576582 0.6584898 0.1736633 0.6609746 0.1729626 0.6517911 0.1770038 0.6511638 0.1791204 0.6601274 0.141088 0.6447516 0.1488395 0.6397774 0.1512495 0.6429696 0.1443424 0.6490622 0.1755038 0.6415328 0.1787335 0.6438921 0.1793629 0.647933 0.1770038 0.6511638 0.1691036 0.645392 0.1714629 0.6421621 0.1729626 0.6517911 0.1697329 0.6494328 0.1729626 0.6517911 0.1714629 0.6421621 0.1755038 0.6415328 0.1770038 0.6511638 0.3072677 0.7495247 0.3000695 0.7494871 0.3016543 0.7268945 0.3085313 0.7405517 0.3016543 0.7268945 0.3042907 0.7220421 0.3891372 0.6969334 0.3939896 0.6995697 0.302758 0.7168629 0.3876045 0.6917543 0.3891372 0.6969334 0.3042907 0.7220421 0.302758 0.7168629 0.2979054 0.7142266 0.3902408 0.6869017 0.3876045 0.6917543 0.4015956 0.7216101 0.3956524 0.7147699 0.3939896 0.6995697 0.4076142 0.7176613 0.3991687 0.698037 0.4120026 0.7128415 0.4076142 0.7176613 0.3939896 0.6995697 0.4726046 0.7139177 0.4268956 0.7278843 0.4246844 0.7204125 0.4703176 0.7069082 0.2458313 0.7896777 0.2434964 0.7817188 0.2894449 0.7685611 0.2646095 0.7841206 0.2964752 0.7284272 0.2937649 0.7478317 0.2882154 0.7435752 0.2916227 0.7257909 0.2416006 0.7745935 0.2872337 0.7610893 0.2894449 0.7685611 0.2434964 0.7817188 0.3016543 0.7268945 0.3000695 0.7494871 0.2937649 0.7478317 0.2964752 0.7284272 0.4664413 0.6937388 0.4208071 0.7072433 0.4159992 0.7016548 0.4646193 0.6872667 0.4002724 0.6880054 0.4159992 0.7016548 0.414342 0.7062506 0.4018051 0.6931845 0.3956524 0.7147699 0.4015956 0.7216101 0.3969303 0.7229908 0.4750883 0.9701356 0.4692324 0.9695382 0.4704027 0.9412725 0.4018051 0.6931845 0.414342 0.7062506 0.4120026 0.7128415 0.3991687 0.698037 0.29009 0.7206118 0.2916227 0.7257909 0.2882154 0.7435752 0.2843241 0.7406215 0.4766268 0.9188888 0.4591934 0.9181116 0.4790077 0.9077861 0.4820333 0.8626216 0.4666782 0.8586819 0.4686036 0.8462156 0.4704027 0.9412725 0.4566747 0.9418921 0.4737044 0.9292783 0.4818856 0.8847581 0.4652208 0.8698744 0.4823094 0.8734107 0.4790077 0.9077861 0.460698 0.9062257 0.4807825 0.896314 0.4737044 0.9292783 0.457852 0.9293184 0.4766268 0.9188888 0.4823094 0.8734107 0.4666782 0.8586819 0.4820333 0.8626216 0.4807825 0.896314 0.463754 0.881765 0.4818856 0.8847581 0.4437575 0.9516951 0.4390025 0.9555696 0.3852452 0.9565307 0.3803539 0.9528208 0.4491906 0.9637202 0.4579893 0.9731286 0.4435591 0.963822 0.3753569 0.9650615 0.3809885 0.9649608 0.3671481 0.9747616 0.4435591 0.963822 0.4579893 0.9731286 0.3671481 0.9747616 0.3809885 0.9649608 0.3016543 0.7268945 0.3939896 0.6995697 0.3956524 0.7147699 0.3085313 0.7405517 0.4704027 0.9412725 0.4692324 0.9695382 0.4566747 0.9418921 0.3085313 0.7405517 0.3119331 0.748144 0.3072677 0.7495247 0.4726046 0.7139177 0.474977 0.7218655 0.4561989 0.7274225 0.4268956 0.7278843 0.3535935 0.9433354 0.3557861 0.9716144 0.3499526 0.9723852 0.4686036 0.8462156 0.4817394 0.8502096 0.4820333 0.8626216 0.4566747 0.9418921 0.457852 0.9293184 0.4737044 0.9292783 0.457852 0.9293184 0.4591934 0.9181116 0.4766268 0.9188888 0.4591934 0.9181116 0.460698 0.9062257 0.4790077 0.9077861 0.460698 0.9062257 0.4622444 0.8939977 0.4807825 0.896314 0.463754 0.881765 0.4807825 0.896314 0.4622444 0.8939977 0.4652208 0.8698744 0.4818856 0.8847581 0.463754 0.881765 0.4666782 0.8586819 0.4823094 0.8734107 0.4652208 0.8698744 0.3535935 0.9433354 0.3673406 0.9434981 0.3557861 0.9716144 0.4918677 0.9844338 0.493677 0.9806213 0.4954163 0.9877917 0.330153 0.9906321 0.3316804 0.9834136 0.3336012 0.9871712 0.493677 0.9806213 0.4918677 0.9844338 0.4868036 0.9796101 0.4884892 0.9756799 0.4884892 0.9756799 0.4868036 0.9796101 0.4810476 0.9765513 0.4825468 0.9725219 0.3425673 0.97499 0.3441844 0.9789733 0.3385211 0.9822004 0.3367204 0.9783216 0.3367204 0.9783216 0.3385211 0.9822004 0.3336012 0.9871712 0.3316804 0.9834136 0.3441844 0.9789733 0.3425673 0.97499 0.3499526 0.9723852 0.3509716 0.9765759 0.4741931 0.9743547 0.4750883 0.9701356 0.4825468 0.9725219 0.4810476 0.9765513 0.4750883 0.9701356 0.4741931 0.9743547 0.4693529 0.9738608 0.4692324 0.9695382 0.3509716 0.9765759 0.3499526 0.9723852 0.3557861 0.9716144 0.355795 0.9759386 0.1488522 0.6014609 0.1321451 0.5951858 0.1359968 0.5915887 0.1488596 0.5958284 0.09913414 0.5158405 0.1152085 0.5302318 0.09656292 0.5211819 0.08640027 0.5859295 0.09720921 0.5777676 0.09099429 0.5896703 0.1407279 0.6124308 0.1246286 0.5983415 0.1432881 0.6068961 0.09510093 0.599203 0.1118565 0.5962259 0.0958358 0.6047873 0.08619022 0.5307344 0.1038377 0.5346621 0.08691042 0.5363207 0.1488596 0.5332477 0.1359968 0.5372411 0.1321451 0.5336441 0.1488522 0.5276151 0.1457179 0.52297 0.126671 0.5303143 0.1434532 0.5172867 0.1809516 0.6115037 0.1867257 0.5994226 0.1867257 0.6128312 0.09956747 0.6091532 0.1175059 0.5986888 0.1024968 0.6143139 0.3854833 0.9610832 0.438928 0.9601172 0.4435591 0.963822 0.3809885 0.9649608 0.3852452 0.9565307 0.4390025 0.9555696 0.438928 0.9601172 0.3854833 0.9610832 0.09099429 0.5896703 0.09878504 0.5832578 0.09387677 0.5931951 0.1202511 0.6200978 0.118867 0.598476 0.1234175 0.5982449 0.1247957 0.6197472 0.1212204 0.5088099 0.1211863 0.530265 0.1166408 0.5303193 0.1166733 0.5087447 0.09387677 0.5931951 0.1075723 0.5931565 0.09510093 0.599203 0.08691042 0.5363207 0.1004827 0.5387266 0.08731639 0.5424337 0.08731639 0.5424337 0.09187418 0.5426215 0.08713334 0.5469755 0.399447 0.9297583 0.4117544 0.9286456 0.3767646 0.9350853 0.3876344 0.9320436 0.435981 0.9311746 0.4469529 0.9338235 0.4117544 0.9286456 0.4240939 0.9293152 0.4491906 0.9637202 0.4539456 0.9598457 0.4579893 0.9731286 0.4566747 0.9418921 0.4692324 0.9695382 0.4662878 0.9727429 0.4579893 0.9731286 0.4539456 0.9598457 0.45402 0.9552981 0.4566747 0.9418921 0.4579893 0.9731286 0.3557861 0.9716144 0.3673406 0.9434981 0.3671481 0.9747616 0.3588411 0.9746745 0.3704658 0.9613516 0.3671481 0.9747616 0.3673406 0.9434981 0.3702278 0.9567992 0.3671481 0.9747616 0.3704658 0.9613516 0.3753569 0.9650615 0.3673406 0.9434981 0.3767646 0.9350853 0.3747224 0.9529215 0.3702278 0.9567992 0.4566747 0.9418921 0.45402 0.9552981 0.4493891 0.9515933 0.4469529 0.9338235 0.4437575 0.9516951 0.4117544 0.9286456 0.4469529 0.9338235 0.4493891 0.9515933 0.3747224 0.9529215 0.3767646 0.9350853 0.4117544 0.9286456 0.3803539 0.9528208 0.4437575 0.9516951 0.3803539 0.9528208 0.4117544 0.9286456 0.1359968 0.5372411 0.1338998 0.5446896 0.1293988 0.5446896 0.1321451 0.5336441 0.1814342 0.6015022 0.1789222 0.6082646 0.1781687 0.5976625 0.1789222 0.6082646 0.1695019 0.6075184 0.1741703 0.5998261 0.1004827 0.5387266 0.1038377 0.5346621 0.10806 0.5455107 0.1036072 0.5460883 0.1152085 0.5302318 0.1169761 0.5445346 0.110228 0.5330182 0.1867257 0.5994226 0.1781687 0.5976625 0.1816076 0.5936238 0.126671 0.5303143 0.1316081 0.5335275 0.1293988 0.5446896 0.1240983 0.5444062 0.1166408 0.5303193 0.1211863 0.530265 0.1215219 0.5443884 0.1169761 0.5445346 0.1228648 0.5841248 0.128176 0.5841463 0.1297473 0.5954166 0.1246286 0.5983415 0.1596384 0.5633995 0.1555905 0.5654885 0.1573383 0.5589059 0.1183125 0.5842639 0.1228648 0.5841248 0.1234175 0.5982449 0.118867 0.598476 0.1183125 0.5842639 0.1175059 0.5986888 0.1123437 0.5962417 0.1087071 0.5852381 0.1131585 0.5846331 0.1118565 0.5962259 0.1075723 0.5931565 0.1555905 0.5654885 0.1508848 0.568244 0.1478536 0.5608914 0.1643896 0.5610342 0.1596384 0.5633995 0.160729 0.5545247 0.1183125 0.5842639 0.1176371 0.5644006 0.122185 0.564226 0.1228648 0.5841248 0.1176371 0.5644006 0.1169761 0.5445346 0.1215219 0.5443884 0.122185 0.564226 0.1228648 0.5841248 0.122185 0.564226 0.128176 0.5841463 0.122185 0.564226 0.1293988 0.5446896 0.1273672 0.5644144 0.1293984 0.5841384 0.1273672 0.5644144 0.1315993 0.5644144 0.1338992 0.5841384 0.1273672 0.5644144 0.1293988 0.5446896 0.1338998 0.5446896 0.1315993 0.5644144 0.1131585 0.5846331 0.1126084 0.564846 0.1183125 0.5842639 0.112588 0.5642718 0.1118138 0.544551 0.1169761 0.5445346 0.1087071 0.5852381 0.1084175 0.5653691 0.1126084 0.564846 0.1131585 0.5846331 0.1084175 0.5653691 0.1036072 0.5460883 0.10806 0.5455107 0.1126084 0.564846 0.1555905 0.5654885 0.1604362 0.585669 0.1508848 0.568244 0.1031994 0.56616 0.09829771 0.547306 0.1084175 0.5653691 0.1596384 0.5633995 0.1687937 0.580522 0.1648218 0.582744 0.1555905 0.5654885 0.1687937 0.580522 0.1781687 0.5976625 0.1741703 0.5998261 0.1648218 0.582744 0.1643896 0.5610342 0.1687937 0.580522 0.1596384 0.5633995 0.1315993 0.5644144 0.1338998 0.5446896 0.1367325 0.5645593 0.1338992 0.5841384 0.1359968 0.5915887 0.1321451 0.5951858 0.1293984 0.5841384 0.1867257 0.5994226 0.1809516 0.6115037 0.1814342 0.6015022 0.1338998 0.5446896 0.1391768 0.5451744 0.1367325 0.5645593 0.1687937 0.580522 0.1643896 0.5610342 0.1735383 0.5785433 0.09720921 0.5777676 0.09878504 0.5832578 0.09099429 0.5896703 0.1555905 0.5654885 0.150438 0.558872 0.1573383 0.5589059 0.09878504 0.5832578 0.09816223 0.5901229 0.09387677 0.5931951 0.1596384 0.5633995 0.1573383 0.5589059 0.160729 0.5545247 0.1781687 0.5976625 0.1867257 0.5994226 0.1814342 0.6015022 0.1789222 0.6082646 0.1741703 0.5998261 0.1781687 0.5976625 0.09187418 0.5426215 0.09701395 0.5475534 0.08713334 0.5469755 0.1126084 0.564846 0.1176371 0.5644006 0.1183125 0.5842639 0.1169761 0.5445346 0.1176371 0.5644006 0.112588 0.5642718 0.1038377 0.5346621 0.1004827 0.5387266 0.08691042 0.5363207 0.1118565 0.5962259 0.09510093 0.599203 0.1075723 0.5931565 0.1169761 0.5445346 0.1118138 0.544551 0.110228 0.5330182 0.1123437 0.5962417 0.1131585 0.5846331 0.1183125 0.5842639 0.1175059 0.5986888 0.09956747 0.6091532 0.1123437 0.5962417 0.1152085 0.5302318 0.110228 0.5330182 0.09656292 0.5211819 0.1246286 0.5983415 0.1297473 0.5954166 0.1432881 0.6068961 0.122185 0.564226 0.1273672 0.5644144 0.128176 0.5841463 0.1293988 0.5446896 0.122185 0.564226 0.1240983 0.5444062 0.126671 0.5303143 0.1457179 0.52297 0.1316081 0.5335275 0.1075723 0.5931565 0.09387677 0.5931951 0.09816223 0.5901229 0.1604362 0.585669 0.1555905 0.5654885 0.1648218 0.582744 0.1004827 0.5387266 0.09187418 0.5426215 0.08731639 0.5424337 0.09829771 0.547306 0.1036072 0.5460883 0.1084175 0.5653691 0.1695019 0.6075184 0.1687428 0.5995925 0.1741703 0.5998261 0.1075723 0.5931565 0.09816223 0.5901229 0.1045438 0.5846824 0.06817805 0.9348937 0.06604707 0.8511649 0.06983584 0.8510684 0.07196676 0.9347973 0.2424877 0.5992493 0.2582144 0.6128986 0.29009 0.7206118 0.2843241 0.7406215 0.263067 0.615535 0.2927263 0.7157592 0.29009 0.7206118 0.2582144 0.6128986 0.263067 0.615535 0.2682461 0.6140023 0.2979054 0.7142266 0.2927263 0.7157592 0.2682461 0.6140023 0.3605814 0.5866775 0.3902408 0.6869017 0.2979054 0.7142266 0.3657606 0.5851448 0.39542 0.685369 0.3902408 0.6869017 0.3605814 0.5866775 0.3657606 0.5851448 0.3683969 0.5802924 0.4002724 0.6880054 0.39542 0.685369 0.3741628 0.5602826 0.4159992 0.7016548 0.4002724 0.6880054 0.3683969 0.5802924 0.2995271 0.9336166 0.3033166 0.9336736 0.3032447 0.9383479 0.2994553 0.9382897 0.2994553 0.9382897 0.3032447 0.9383479 0.3031719 0.9418436 0.2994195 0.9417859 0.2994195 0.9417859 0.3031719 0.9418436 0.3031228 0.9461738 0.2993333 0.9461145 0.2993333 0.9461145 0.3031228 0.9461738 0.3030442 0.9512006 0.2992547 0.9511414 0.06817805 0.9348937 0.07196676 0.9347973 0.07208567 0.9394699 0.06829702 0.9395664 0.06829702 0.9395664 0.07208567 0.9394699 0.07215565 0.9429657 0.06840389 0.9430612 0.06840389 0.9430612 0.07215565 0.9429657 0.07228428 0.9472938 0.06849557 0.9473903 0.06849557 0.9473903 0.07228428 0.9472938 0.07241219 0.9523197 0.06862348 0.9524162 0.3045749 0.8499271 0.3007854 0.8498701 0.3008556 0.8451964 0.3046451 0.8452533 0.3046451 0.8452533 0.3008556 0.8451964 0.300926 0.8417007 0.3046786 0.8417571 0.3046786 0.8417571 0.300926 0.8417007 0.3009726 0.837371 0.3047621 0.8374279 0.3047621 0.8374279 0.3009726 0.837371 0.3010481 0.8323441 0.3048377 0.832401 0.06983584 0.8510684 0.06604707 0.8511649 0.06592822 0.8464921 0.06971693 0.8463956 0.06971693 0.8463956 0.06592822 0.8464921 0.06585717 0.8429965 0.06960892 0.842901 0.06960892 0.842901 0.06585717 0.8429965 0.06572848 0.8386684 0.06951725 0.838572 0.06951725 0.838572 0.06572848 0.8386684 0.06560063 0.8336426 0.06938928 0.8335461 0.2991271 0.9719019 0.3027199 0.9719581 0.3026274 0.9778829 0.2990346 0.9778268 0.2990346 0.9778268 0.3026274 0.9778829 0.3025463 0.9827213 0.2989886 0.9826656 0.2989886 0.9826656 0.3025463 0.9827213 0.3025006 0.986746 0.2989078 0.9866895 0.3017911 0.7968019 0.3053839 0.7968558 0.3053058 0.8008799 0.3017482 0.8008265 0.3017482 0.8008265 0.3053058 0.8008799 0.3052386 0.8057186 0.3016457 0.8056645 0.3016457 0.8056645 0.3052386 0.8057186 0.3051496 0.8116434 0.3015568 0.8115894 0.06492173 0.8069655 0.06851387 0.8068741 0.06866449 0.8127978 0.06507253 0.8128892 0.06482845 0.8021273 0.06838542 0.8020368 0.06851387 0.8068741 0.06492173 0.8069655 0.06470853 0.7981043 0.06830054 0.7980129 0.06838542 0.8020368 0.06482845 0.8021273 0.06945538 0.9839297 0.07301235 0.9838393 0.07313227 0.9878622 0.06954026 0.9879537 0.06930249 0.979093 0.07289457 0.9790016 0.07301235 0.9838393 0.06945538 0.9839297 0.06915175 0.9731693 0.07274383 0.973078 0.07289457 0.9790016 0.06930249 0.979093 0.2992547 0.9511414 0.3030442 0.9512006 0.3027199 0.9719581 0.2991271 0.9719019 0.3010481 0.8323441 0.3015568 0.8115894 0.3051496 0.8116434 0.3048377 0.832401 0.06560063 0.8336426 0.06507253 0.8128892 0.06866449 0.8127978 0.06938928 0.8335461 0.06862348 0.9524162 0.07241219 0.9523197 0.07274383 0.973078 0.06915175 0.9731693 0.2175459 0.5514382 0.2175459 0.5446494 0.2238575 0.5446505 0.2238575 0.5514392 0.2238575 0.5514392 0.2238575 0.5446505 0.2301707 0.5446523 0.2301684 0.5514418 0.2301684 0.5514418 0.2301707 0.5446523 0.2364827 0.5446544 0.2364804 0.5514439 0.2364804 0.5514439 0.2364827 0.5446544 0.2427947 0.5446567 0.2427924 0.5514461 0.2427924 0.5514461 0.2427947 0.5446567 0.2491068 0.5446588 0.2491044 0.5514484 0.2491044 0.5514484 0.2491068 0.5446588 0.2554188 0.5446612 0.2554165 0.5514503 0.2554165 0.5514503 0.2554188 0.5446612 0.2617296 0.5446609 0.2617295 0.5514497 0.2617295 0.5514497 0.2617296 0.5446609 0.2680428 0.5446627 0.2680404 0.5514522 0.2680404 0.5514522 0.2680428 0.5446627 0.2743535 0.5446636 0.2743535 0.5514523 0.2743535 0.5514523 0.2743535 0.5446636 0.2806666 0.5446656 0.2806643 0.5514547 0.2932069 0.5319617 0.3000891 0.5153563 0.3180642 0.5153599 0.3249396 0.5319681 0.2806643 0.5514547 0.2806666 0.5446656 0.2869787 0.5446676 0.2869763 0.5514571 0.2932069 0.5319617 0.3249396 0.5319681 0.3122267 0.5446759 0.3059147 0.5446746 0.2869763 0.5514571 0.2869787 0.5446676 0.2932907 0.5446698 0.2932882 0.5514593 0.3180587 0.5422616 0.3122267 0.5446759 0.3249396 0.5319681 0.3225229 0.5377992 0.2932882 0.5514593 0.2932907 0.5446698 0.2996026 0.544672 0.2996003 0.5514615 0.3249409 0.5256562 0.3249396 0.5319681 0.3180642 0.5153599 0.3225265 0.5198242 0.2996003 0.5514615 0.2996026 0.544672 0.3059147 0.5446746 0.3059123 0.5514633 0.3122332 0.5129432 0.3180642 0.5153599 0.3000891 0.5153563 0.3059212 0.5129419 0.2956213 0.5377938 0.2932069 0.5319617 0.3059147 0.5446746 0.3000837 0.542258 0.3059123 0.5514633 0.3059147 0.5446746 0.3122267 0.5446759 0.312224 0.5514646 0.2112327 0.5514363 0.2112351 0.5446468 0.2175459 0.5446494 0.2175459 0.5514382 0.2956249 0.5198186 0.3000891 0.5153563 0.2932069 0.5319617 0.2932082 0.5256497 0.2843241 0.7406215 0.2833318 0.7479264 0.2376974 0.7614309 0.235704 0.7550096 0.285346 0.7547106 0.2872337 0.7610893 0.2416006 0.7745935 0.2399015 0.7681591 0.466703 0.7338715 0.4561989 0.7274225 0.474977 0.7218655 0.4776013 0.7306464 0.472356 0.742922 0.466703 0.7338715 0.4776013 0.7306464 0.480745 0.7404394 0.174219 0.5498672 0.1709288 0.5387397 0.1768235 0.5369974 0.1809682 0.5478723 0.1709288 0.5387397 0.1676412 0.5276116 0.1743906 0.5256168 0.1768235 0.5369974 0.1648296 0.516808 0.1732194 0.5143283 0.1743906 0.5256168 0.1676412 0.5276116 0.4854565 0.7972432 0.4852737 0.7865733 0.4936627 0.7840908 0.4963548 0.7940181 0.2646095 0.7841206 0.2593066 0.7952474 0.2484083 0.7984725 0.2458313 0.7896777 0.4246844 0.7204125 0.4227982 0.7140334 0.46824 0.7005858 0.4703176 0.7069082 0.4227982 0.7140334 0.4208071 0.7072433 0.4664413 0.6937388 0.46824 0.7005858 0.2833318 0.7479264 0.285346 0.7547106 0.2399015 0.7681591 0.2376974 0.7614309 0.2424877 0.5992493 0.1938676 0.6136374 0.1920456 0.6071653 0.2376798 0.5936608 0.2356778 0.5868729 0.1902332 0.6003214 0.1881571 0.5939985 0.2337902 0.5804943 0.3991686 0.5056612 0.4100669 0.5024361 0.4126438 0.5112309 0.3938658 0.5167879 0.1732194 0.5143283 0.1648296 0.516808 0.1621411 0.5068802 0.1730404 0.5036589 0.472356 0.742922 0.480745 0.7404394 0.4842618 0.7510345 0.4775133 0.7530316 0.4816616 0.7639049 0.4775133 0.7530316 0.4842618 0.7510345 0.4875558 0.7621607 0.4840987 0.7752848 0.4816616 0.7639049 0.4875558 0.7621607 0.4908473 0.7732877 0.4840987 0.7752848 0.4908473 0.7732877 0.4936627 0.7840908 0.4852737 0.7865733 0.1917716 0.5670352 0.1808734 0.5702604 0.1777322 0.5604637 0.1861221 0.5579841 0.2022757 0.5734843 0.1834976 0.5790413 0.1808734 0.5702604 0.1917716 0.5670352 0.3712414 0.5398193 0.4168747 0.526315 0.4185723 0.5327499 0.3731305 0.5461975 0.3731305 0.5461975 0.4185723 0.5327499 0.4207894 0.5394732 0.3751552 0.5529777 0.2376798 0.5936608 0.1920456 0.6071653 0.1902332 0.6003214 0.2356778 0.5868729 0.1714052 0.8813457 0.1153925 0.8119067 0.1193997 0.8059675 0.1757085 0.8767281 0.1702169 0.791363 0.1817957 0.7905851 0.1877655 0.8739299 0.1814514 0.8741086 0.1817957 0.7905851 0.1934036 0.7904986 0.1877655 0.8739299 0.1936819 0.8760926 0.2451221 0.801523 0.2495388 0.8071643 0.1983006 0.8803949 0.1877655 0.8739299 0.2149209 0.7924097 0.2240058 0.7942776 0.1936819 0.8760926 0.2240058 0.7942776 0.2320823 0.7963591 0.1936819 0.8760926 0.1757085 0.8767281 0.1399517 0.7972491 0.1488821 0.7947444 0.1814514 0.8741086 0.1399517 0.7972491 0.1757085 0.8767281 0.1320425 0.7998958 0.1320425 0.7998958 0.1757085 0.8767281 0.1250298 0.8022812 0.1193997 0.8059675 0.1250298 0.8022812 0.1757085 0.8767281 0.1488821 0.7947444 0.1591014 0.7927568 0.1814514 0.8741086 0.1702169 0.791363 0.1814514 0.8741086 0.1591014 0.7927568 0.2045866 0.7911489 0.1877655 0.8739299 0.1934036 0.7904986 0.2149209 0.7924097 0.1877655 0.8739299 0.2045866 0.7911489 0.2392459 0.7982434 0.1936819 0.8760926 0.2320823 0.7963591 0.2451221 0.801523 0.1936819 0.8760926 0.2392459 0.7982434 0.1976318 0.9893361 0.18603 0.9897193 0.1823126 0.9064053 0.1886245 0.9063729 0.18603 0.9897193 0.174425 0.989455 0.1823126 0.9064053 0.1823126 0.9064053 0.1530401 0.9875195 0.1440666 0.9854944 0.1765103 0.903818 0.1440666 0.9854944 0.1360938 0.9832737 0.1765103 0.903818 0.1530401 0.9875195 0.1823126 0.9064053 0.1632849 0.9889497 0.174425 0.989455 0.1632849 0.9889497 0.1823126 0.9064053 0.1765103 0.903818 0.1231848 0.9779081 0.1189005 0.972186 0.1719825 0.8994407 0.1231848 0.9779081 0.1765103 0.903818 0.1289952 0.9812762 0.1289952 0.9812762 0.1765103 0.903818 0.1360938 0.9832737 0.1943995 0.903724 0.2279515 0.9850618 0.2189986 0.98718 0.1886245 0.9063729 0.2279515 0.9850618 0.1943995 0.903724 0.2359018 0.9827583 0.1988819 0.8993 0.2529806 0.9714928 0.2487555 0.9772592 0.1943995 0.903724 0.2487555 0.9772592 0.2429799 0.9806873 0.1943995 0.903724 0.2359018 0.9827583 0.1943995 0.903724 0.2429799 0.9806873 0.2189986 0.98718 0.208768 0.9887165 0.1886245 0.9063729 0.1976318 0.9893361 0.1886245 0.9063729 0.208768 0.9887165 0.1861221 0.5579841 0.1777322 0.5604637 0.174219 0.5498672 0.1809682 0.5478723 0.2495388 0.8071643 0.2515338 0.8133851 0.1983006 0.8803949 0.3055136 0.7882221 0.3053839 0.7968558 0.3017911 0.7968019 0.1988819 0.8993 0.2508768 0.9347975 0.2509753 0.9571321 0.06470853 0.7981043 0.06448882 0.7894724 0.06830054 0.7980129 0.06976008 0.9965856 0.06954026 0.9879537 0.07313227 0.9878622 0.3025006 0.986746 0.3023648 0.9953797 0.2989078 0.9866895 0.2529806 0.9714928 0.1988819 0.8993 0.2545938 0.9649593 0.1988819 0.8993 0.2013589 0.8934946 0.2510684 0.9057125 0.2508768 0.9347975 0.1189005 0.972186 0.1172196 0.9656696 0.1719825 0.8994407 0.1991515 0.8813508 0.2521897 0.8474001 0.2515101 0.8763059 0.2014536 0.8871917 0.1153925 0.8119067 0.1714052 0.8813457 0.1138918 0.818313 0.2013589 0.8934946 0.2014536 0.8871917 0.2515101 0.8763059 0.2510684 0.9057125 0.2031497 0.6275404 0.1989345 0.6251621 0.1967284 0.6217957 0.1938676 0.6136374 0.2031497 0.6275404 0.1938676 0.6136374 0.2296218 0.625519 0.2089613 0.628698 0.1938676 0.6136374 0.2424877 0.5992493 0.2346462 0.6253415 0.2296218 0.625519 0.2346462 0.6253415 0.2424877 0.5992493 0.2389056 0.6261203 0.2389056 0.6261203 0.2424877 0.5992493 0.2419834 0.6277793 0.2419834 0.6277793 0.2424877 0.5992493 0.2441151 0.6319708 0.2424877 0.5992493 0.2843241 0.7406215 0.2678822 0.7122839 0.2441151 0.6319708 0.2336642 0.7466083 0.2336831 0.7425836 0.2359251 0.7382943 0.235704 0.7550096 0.2359251 0.7382943 0.2401708 0.7341606 0.2592341 0.725584 0.235704 0.7550096 0.4646193 0.6872667 0.4159992 0.7016548 0.4238408 0.6755626 0.4288651 0.6753851 0.2592341 0.725584 0.2635459 0.7229987 0.2843241 0.7406215 0.235704 0.7550096 0.2666955 0.7200272 0.2843241 0.7406215 0.2635459 0.7229987 0.2683748 0.7169606 0.2843241 0.7406215 0.2666955 0.7200272 0.2678822 0.7122839 0.2843241 0.7406215 0.2683748 0.7169606 0.4617586 0.6791083 0.4646193 0.6872667 0.4553373 0.6733637 0.4595524 0.675742 0.4495258 0.6722061 0.4553373 0.6733637 0.4646193 0.6872667 0.4288651 0.6753851 0.4238408 0.6755626 0.4159992 0.7016548 0.4195813 0.6747837 0.4195813 0.6747837 0.4159992 0.7016548 0.4165036 0.6731248 0.4165036 0.6731248 0.4159992 0.7016548 0.4143718 0.6689332 0.4159992 0.7016548 0.3741628 0.5602826 0.3906047 0.5886202 0.4143718 0.6689332 0.3906047 0.5886202 0.3741628 0.5602826 0.3901122 0.5839436 0.3901122 0.5839436 0.3741628 0.5602826 0.3917914 0.5808768 0.3917914 0.5808768 0.3741628 0.5602826 0.394941 0.5779054 0.3992528 0.5753201 0.394941 0.5779054 0.3741628 0.5602826 0.4227829 0.5458945 0.4225618 0.5626097 0.4227829 0.5458945 0.4248227 0.5542958 0.4248039 0.5583205 0.4225618 0.5626097 0.4183162 0.5667435 0.3992528 0.5753201 0.4227829 0.5458945 0.3007854 0.8498701 0.2937235 0.8407192 0.297557 0.8427326 0.3000002 0.8452336 0.2937235 0.8407192 0.3007854 0.8498701 0.2682057 0.8362653 0.2888746 0.8393907 0.2986031 0.9382274 0.2960858 0.940654 0.2921935 0.9425514 0.2995271 0.9336166 0.2921935 0.9425514 0.2873071 0.9437336 0.2665534 0.9462365 0.2995271 0.9336166 0.2995271 0.9336166 0.2665534 0.9462365 0.2682057 0.8362653 0.3007854 0.8498701 0.07196676 0.9347973 0.07939308 0.943655 0.07548123 0.9417984 0.07293891 0.9393982 0.07939308 0.943655 0.07196676 0.9347973 0.1050701 0.9470728 0.08429157 0.9447863 0.07057255 0.846424 0.07298958 0.8438976 0.07680189 0.8418444 0.06983584 0.8510684 0.07680189 0.8418444 0.08163654 0.8404654 0.1022719 0.8371248 0.06983584 0.8510684 0.07196676 0.9347973 0.06983584 0.8510684 0.1022719 0.8371248 0.1050701 0.9470728 0.1714052 0.8813457 0.1692851 0.8873597 0.1193838 0.8769892 0.1184017 0.8480917 0.1694454 0.8936612 0.1719825 0.8994407 0.1206253 0.935471 0.120132 0.9063897 0.1692851 0.8873597 0.1694454 0.8936612 0.120132 0.9063897 0.1193838 0.8769892 0.1983006 0.8803949 0.248189 0.8212648 0.2488798 0.8435822 0.2509753 0.9571321 0.2545938 0.9649593 0.1988819 0.8993 0.1714052 0.8813457 0.1184017 0.8480917 0.1178962 0.8260512 0.1719825 0.8994407 0.1207569 0.9578053 0.1206253 0.935471 0.1207569 0.9578053 0.1719825 0.8994407 0.1172196 0.9656696 0.1178962 0.8260512 0.1138918 0.818313 0.1714052 0.8813457 0.248189 0.8212648 0.1983006 0.8803949 0.2515338 0.8133851 0.2564651 0.9655392 0.2549781 0.957041 0.2566317 0.9561784 0.258587 0.8260301 0.2569601 0.825118 0.2587021 0.8166684 0.1117833 0.8267897 0.1115708 0.8174299 0.1134006 0.825861 0.1150951 0.9569107 0.1167575 0.9577561 0.1153587 0.9662693 0.2566317 0.9561784 0.2549781 0.957041 0.252312 0.9347916 0.2578496 0.9523423 0.2578496 0.9523423 0.252312 0.9347916 0.2510684 0.9057125 0.2612684 0.9489166 0.2630035 0.8334277 0.2682057 0.8362653 0.2665534 0.9462365 0.2612684 0.9489166 0.2596891 0.8299009 0.2536268 0.8472774 0.2569601 0.825118 0.258587 0.8260301 0.2596891 0.8299009 0.2630035 0.8334277 0.2515101 0.8763059 0.2536268 0.8472774 0.2510684 0.9057125 0.2515101 0.8763059 0.2630035 0.8334277 0.2612684 0.9489166 0.1074442 0.8342332 0.1103829 0.9496977 0.1050701 0.9470728 0.1022719 0.8371248 0.1138372 0.9530876 0.1191916 0.9354801 0.1167575 0.9577561 0.1150951 0.9569107 0.1103829 0.9496977 0.120132 0.9063897 0.1191916 0.9354801 0.1138372 0.9530876 0.1107216 0.830672 0.1117833 0.8267897 0.1134006 0.825861 0.1169647 0.8479843 0.1107216 0.830672 0.1169647 0.8479843 0.1193838 0.8769892 0.1074442 0.8342332 0.120132 0.9063897 0.1103829 0.9496977 0.1074442 0.8342332 0.1193838 0.8769892</float_array>
          <technique_common>
            <accessor source="#Cube_004-mesh-map-0-array" count="1888" stride="2">
              <param name="S" type="float"/>
              <param name="T" type="float"/>
            </accessor>
          </technique_common>
        </source>
        <vertices id="Cube_004-mesh-vertices">
          <input semantic="POSITION" source="#Cube_004-mesh-positions"/>
        </vertices>
        <polylist count="528">
          <input semantic="VERTEX" source="#Cube_004-mesh-vertices" offset="0"/>
          <input semantic="NORMAL" source="#Cube_004-mesh-normals" offset="1"/>
          <input semantic="TEXCOORD" source="#Cube_004-mesh-map-0" offset="2" set="0"/>
          <vcount>4 4 4 4 4 4 4 4 4 4 4 4 4 4 4 4 4 4 4 4 4 4 4 4 4 4 4 4 4 4 4 4 4 4 4 4 3 3 4 4 3 3 3 3 3 3 3 3 4 3 3 4 4 3 3 4 3 3 3 3 3 3 3 3 3 3 3 3 4 4 4 4 4 4 4 4 4 3 3 3 3 3 4 3 3 3 4 4 3 4 4 3 3 3 4 4 3 4 4 4 4 3 4 4 4 4 3 4 3 3 4 3 3 4 4 4 3 4 3 4 3 3 4 4 3 3 4 4 3 3 4 4 3 3 4 4 3 3 4 3 3 3 3 3 3 3 3 3 3 3 3 3 3 3 3 3 3 3 3 3 3 3 3 3 3 3 3 4 4 4 4 4 4 4 4 4 4 4 4 4 4 4 4 4 4 4 4 4 4 4 4 4 4 4 4 4 4 4 4 4 4 4 3 3 4 4 3 3 3 3 3 3 3 3 4 3 3 4 4 3 3 4 3 3 3 3 3 3 3 3 3 3 3 3 4 4 4 4 4 4 4 4 4 3 3 3 3 3 4 3 3 3 4 4 3 4 4 3 3 3 4 4 3 4 4 4 4 3 4 4 4 4 3 4 3 3 4 3 3 4 4 4 3 4 3 4 3 3 4 4 3 3 4 4 3 3 4 4 3 3 4 4 3 3 4 3 3 3 3 3 3 3 3 3 3 3 3 3 3 3 3 3 3 3 3 3 3 3 3 3 3 3 3 4 4 4 4 4 4 4 4 4 4 4 4 4 4 4 4 4 4 4 4 4 4 4 4 4 4 4 4 4 4 4 4 4 4 4 4 4 4 4 4 4 4 4 4 4 4 4 4 4 4 4 4 4 4 4 4 4 4 4 4 4 4 4 4 4 4 4 4 4 4 4 4 4 4 4 4 4 4 4 4 4 4 4 4 4 4 4 4 4 4 3 4 4 3 4 3 3 3 3 3 3 3 3 3 4 3 4 3 3 3 4 3 3 4 3 4 3 3 3 3 4 3 3 3 3 3 3 3 4 3 4 3 4 4 4 4 3 3 3 4 4 4 4 4 3 3 3 4 4 3 3 3 4 3 3 3 4 4 4 4 4 4 4 4 4 4 4 4 4 4 4 4 3 3 3 3 3 3 3 3 3 3 3 4 4 4 4 4 4 4 4 4 4 4 4 </vcount>
          <p>6 0 0 13 0 1 14 0 2 5 0 3 12 1 4 3 1 5 0 1 6 11 1 7 10 2 8 1 2 9 4 2 10 9 2 11 11 3 12 0 3 13 13 3 14 6 3 15 7 4 16 2 4 17 1 4 18 10 4 19 9 5 20 4 5 21 3 5 22 12 5 23 5 6 24 14 6 25 15 6 26 8 6 27 8 7 28 15 7 29 2 7 30 7 7 31 4 8 32 1 8 33 2 8 34 15 8 35 0 9 36 3 9 37 14 9 38 13 9 39 14 10 40 3 10 41 4 10 42 15 10 43 22 11 44 21 11 45 30 11 46 29 11 47 28 12 48 27 12 49 16 12 50 19 12 51 26 2 52 25 2 53 20 2 54 17 2 55 27 13 56 22 13 57 29 13 58 16 13 59 23 14 60 26 14 61 17 14 62 18 14 63 25 15 64 28 15 65 19 15 66 20 15 67 21 16 68 24 16 69 31 16 70 30 16 71 24 17 72 23 17 73 18 17 74 31 17 75 20 18 76 31 18 77 18 18 78 17 18 79 16 10 80 29 10 81 30 10 82 19 10 83 30 19 84 31 19 85 20 19 86 19 19 87 70 20 88 34 20 89 6 20 90 58 20 91 6 10 92 22 10 93 27 10 94 11 10 95 12 10 96 11 10 97 27 10 98 28 10 99 281 21 100 301 21 101 291 21 102 271 21 103 12 10 104 28 10 105 25 10 106 9 10 107 71 22 108 63 22 109 22 22 110 35 22 111 21 23 112 22 23 113 63 23 114 66 23 115 388 24 116 387 25 117 64 25 118 72 26 119 389 27 120 39 27 121 69 28 122 390 29 123 5 30 124 8 30 125 60 30 126 62 30 127 391 31 128 390 31 129 69 32 130 57 31 131 6 33 132 5 33 133 62 33 134 58 33 135 396 34 136 386 34 137 33 34 138 68 34 139 23 35 140 24 35 141 67 35 142 33 35 143 35 36 144 76 36 145 71 36 146 69 37 147 39 37 148 74 37 149 24 38 150 21 38 151 66 38 152 67 38 153 7 39 154 32 39 155 60 39 156 8 39 157 42 40 158 43 40 159 51 40 160 47 41 161 49 41 162 56 41 163 39 42 164 41 42 165 48 42 166 45 43 167 46 43 168 55 43 169 43 44 170 44 45 171 52 46 172 41 47 173 42 47 174 50 47 175 46 48 176 47 48 177 56 48 178 44 49 179 45 50 180 54 51 181 104 52 182 97 53 183 98 54 184 103 55 185 108 56 186 102 57 187 34 58 188 94 59 189 35 60 190 99 61 191 102 62 192 99 63 193 35 64 194 34 65 195 6 66 196 34 66 197 35 66 198 22 66 199 39 67 200 48 67 201 74 67 202 34 68 203 70 68 204 73 68 205 388 69 206 72 70 207 40 69 208 401 69 209 40 71 210 72 71 211 75 71 212 49 72 213 47 72 214 40 72 215 48 73 216 41 73 217 50 73 218 50 74 219 42 74 220 51 74 221 51 75 222 43 75 223 52 75 224 52 76 225 44 77 226 53 78 227 54 79 228 53 80 229 44 81 230 55 82 231 54 82 232 45 82 233 56 83 234 55 83 235 46 83 236 40 84 237 75 84 238 49 84 239 60 85 240 32 86 241 59 87 242 33 88 243 67 89 244 68 90 245 59 91 246 61 92 247 62 92 248 60 93 249 61 94 250 57 94 251 58 94 252 62 94 253 64 95 254 65 95 255 66 95 256 63 95 257 65 96 258 68 97 259 67 98 260 66 96 261 63 99 262 71 99 263 72 99 264 64 99 265 70 100 266 58 100 267 57 100 268 69 100 269 69 101 270 74 101 271 73 101 272 70 101 273 71 102 274 76 102 275 75 102 276 72 102 277 94 103 278 99 103 279 87 103 280 92 103 281 106 104 282 105 104 283 80 104 284 99 105 285 100 105 286 87 105 287 93 106 288 94 106 289 91 106 290 97 107 291 95 107 292 90 107 293 105 108 294 104 108 295 82 108 296 102 109 297 108 109 298 84 109 299 83 109 300 108 110 301 107 110 302 79 110 303 101 111 304 102 111 305 83 111 306 95 112 307 96 112 308 89 112 309 100 113 310 99 114 311 102 114 312 101 115 313 98 116 314 100 117 315 101 118 316 103 119 317 100 120 318 98 120 319 85 120 320 96 121 321 93 121 322 91 121 323 89 121 324 107 122 325 106 122 326 80 122 327 79 122 328 98 123 329 97 123 330 88 123 331 104 124 332 103 124 333 81 124 334 103 125 335 101 125 336 77 125 337 54 126 338 55 126 339 56 126 340 53 126 341 51 127 342 52 127 343 53 127 344 50 127 345 108 128 346 34 129 347 107 130 348 48 131 349 34 131 350 73 131 351 74 131 352 107 132 353 34 132 354 48 132 355 106 132 356 75 133 357 76 133 358 35 133 359 49 133 360 93 134 361 96 134 362 49 134 363 35 134 364 35 135 365 94 136 366 93 137 367 49 138 368 96 138 369 95 139 370 56 140 371 48 141 372 50 142 373 105 143 374 106 141 375 104 144 376 105 145 377 50 146 378 53 147 379 95 148 380 97 149 381 53 150 382 56 151 383 104 152 384 53 153 385 97 154 386 83 155 387 84 155 388 128 155 389 110 155 390 78 156 391 112 156 392 77 156 393 77 157 394 115 157 395 81 157 396 81 158 397 118 158 398 121 158 399 82 158 400 80 159 401 82 159 402 124 159 403 83 160 404 110 160 405 112 160 406 79 161 407 131 161 408 128 161 409 84 161 410 80 162 411 124 162 412 131 162 413 79 162 414 130 163 415 91 163 416 92 163 417 127 163 418 113 164 419 85 164 420 116 164 421 125 165 422 89 165 423 91 165 424 130 165 425 125 166 426 90 166 427 89 166 428 119 167 429 88 167 430 90 167 431 122 167 432 116 168 433 88 168 434 119 168 435 109 169 436 87 169 437 113 169 438 125 170 439 130 170 440 132 170 441 126 170 442 126 171 443 132 171 444 131 171 445 124 171 446 130 172 447 127 172 448 132 172 449 132 173 450 129 173 451 128 173 452 127 174 453 109 174 454 111 174 455 129 174 456 129 175 457 111 175 458 110 175 459 128 175 460 122 176 461 125 176 462 123 176 463 123 177 464 124 177 465 121 177 466 119 178 467 122 178 468 123 178 469 120 178 470 120 179 471 123 179 472 121 179 473 118 179 474 116 180 475 119 180 476 120 180 477 117 181 478 120 181 479 115 181 480 113 182 481 116 182 482 117 182 483 114 182 484 114 183 485 117 183 486 115 183 487 112 183 488 109 184 489 113 184 490 114 184 491 111 185 492 114 185 493 110 185 494 109 186 495 127 186 496 92 186 497 87 186 498 83 187 499 78 187 500 101 187 501 110 188 502 114 188 503 112 188 504 114 189 505 111 189 506 109 189 507 87 190 508 100 190 509 85 190 510 116 191 511 85 191 512 86 191 513 85 192 514 98 192 515 86 192 516 113 193 517 87 193 518 85 193 519 112 194 520 78 194 521 83 194 522 77 195 523 112 195 524 115 195 525 77 196 526 101 196 527 78 196 528 123 197 529 125 197 530 126 197 531 124 198 532 123 198 533 126 198 534 82 199 535 104 199 536 81 199 537 90 200 538 88 200 539 97 200 540 124 201 541 82 201 542 121 201 543 90 202 544 125 202 545 122 202 546 89 203 547 90 203 548 95 203 549 80 204 550 105 204 551 82 204 552 91 205 553 94 205 554 92 205 555 132 206 556 127 206 557 129 206 558 128 207 559 131 207 560 132 207 561 79 208 562 84 208 563 108 208 564 88 209 565 86 209 566 98 209 567 120 210 568 117 210 569 116 210 570 81 211 571 103 211 572 77 211 573 115 212 574 120 212 575 118 212 576 81 213 577 115 213 578 118 213 579 88 214 580 116 214 581 86 214 582 139 215 583 138 215 584 147 215 585 146 215 586 145 216 587 144 216 588 133 216 589 136 216 590 143 217 591 142 217 592 137 217 593 134 217 594 144 218 595 139 218 596 146 218 597 133 218 598 140 219 599 143 219 600 134 219 601 135 219 602 142 220 603 145 220 604 136 220 605 137 220 606 138 221 607 141 221 608 148 221 609 147 221 610 141 12 611 140 12 612 135 12 613 148 12 614 137 222 615 148 222 616 135 222 617 134 222 618 133 10 619 146 10 620 147 10 621 136 10 622 147 223 623 148 223 624 137 223 625 136 223 626 155 224 627 162 224 628 163 224 629 154 224 630 161 12 631 152 12 632 149 12 633 160 12 634 159 217 635 150 217 636 153 217 637 158 217 638 160 225 639 149 225 640 162 225 641 155 225 642 156 226 643 151 226 644 150 226 645 159 226 646 158 227 647 153 227 648 152 227 649 161 227 650 154 228 651 163 228 652 164 228 653 157 228 654 157 229 655 164 229 656 151 229 657 156 229 658 153 230 659 150 230 660 151 230 661 164 230 662 149 231 663 152 231 664 163 231 665 162 231 666 163 10 667 152 10 668 153 10 669 164 10 670 203 232 671 191 232 672 139 232 673 167 232 674 139 233 675 144 233 676 160 233 677 155 233 678 145 10 679 161 10 680 160 10 681 144 10 682 145 234 683 142 234 684 158 234 685 161 234 686 204 235 687 168 235 688 155 235 689 196 235 690 154 236 691 199 236 692 196 236 693 155 236 694 371 237 695 205 238 696 197 237 697 372 237 698 374 239 699 373 239 700 202 240 701 172 239 702 138 241 703 195 241 704 193 241 705 141 241 706 375 242 707 190 242 708 202 243 709 373 244 710 139 245 711 191 245 712 195 245 713 138 245 714 379 246 715 201 246 716 166 246 717 370 246 718 156 247 719 166 247 720 200 247 721 157 247 722 168 248 723 204 248 724 209 248 725 202 249 726 207 249 727 172 249 728 157 250 729 200 250 730 199 250 731 154 250 732 140 251 733 141 251 734 193 251 735 165 251 736 175 252 737 184 252 738 176 252 739 180 253 740 189 253 741 182 253 742 172 254 743 181 254 744 174 254 745 178 255 746 188 255 747 179 255 748 176 256 749 185 257 750 177 258 751 174 259 752 183 259 753 175 259 754 179 260 755 189 260 756 180 260 757 177 261 758 187 262 759 178 263 760 237 264 761 236 265 762 231 266 763 230 267 764 241 268 765 167 269 766 235 270 767 227 271 768 232 272 769 168 273 770 235 274 771 167 275 772 168 276 773 232 277 774 139 278 775 155 278 776 168 278 777 167 278 778 172 279 779 207 279 780 181 279 781 167 280 782 206 280 783 203 280 784 371 281 785 385 282 786 173 282 787 205 283 788 173 284 789 208 284 790 205 284 791 182 285 792 173 285 793 180 285 794 181 286 795 183 286 796 174 286 797 183 287 798 184 287 799 175 287 800 184 288 801 185 288 802 176 288 803 185 289 804 186 290 805 177 291 806 187 292 807 177 293 808 186 294 809 188 295 810 178 295 811 187 295 812 189 296 813 179 296 814 188 296 815 173 297 816 182 297 817 208 297 818 193 298 819 192 299 820 165 300 821 166 301 822 201 302 823 200 303 824 192 304 825 193 305 826 195 306 827 194 306 828 194 307 829 195 307 830 191 307 831 190 307 832 197 308 833 196 308 834 199 308 835 198 308 836 198 309 837 199 309 838 200 310 839 201 311 840 196 312 841 197 312 842 205 312 843 204 312 844 203 313 845 202 313 846 190 313 847 191 313 848 202 314 849 203 314 850 206 314 851 207 314 852 204 315 853 205 315 854 208 315 855 209 315 856 227 316 857 225 316 858 220 316 859 232 316 860 239 317 861 213 317 862 238 317 863 232 318 864 220 318 865 233 318 866 226 319 867 224 319 868 227 319 869 230 320 870 223 320 871 228 320 872 238 321 873 215 321 874 237 321 875 235 322 876 216 322 877 217 322 878 241 322 879 241 323 880 212 323 881 240 323 882 234 324 883 216 324 884 235 324 885 228 325 886 222 325 887 229 325 888 233 326 889 234 327 890 235 328 891 232 328 892 231 329 893 236 330 894 234 331 895 233 332 896 233 333 897 218 333 898 231 333 899 229 334 900 222 334 901 224 334 902 226 334 903 240 335 904 212 335 905 213 335 906 239 335 907 231 336 908 221 336 909 230 336 910 237 337 911 214 337 912 236 337 913 236 338 914 210 338 915 234 338 916 187 339 917 186 339 918 189 339 919 188 339 920 184 340 921 183 340 922 186 340 923 185 340 924 241 341 925 240 342 926 167 343 927 181 344 928 207 344 929 206 344 930 167 344 931 240 345 932 239 345 933 181 345 934 167 345 935 208 346 936 182 346 937 168 346 938 209 346 939 226 347 940 168 347 941 182 347 942 229 347 943 168 348 944 226 349 945 227 350 946 182 351 947 189 352 948 228 353 949 229 351 950 181 354 951 239 354 952 238 355 953 183 356 954 237 357 955 186 358 956 183 359 957 238 360 958 228 361 959 189 362 960 186 363 961 230 364 962 237 365 963 230 366 964 186 367 965 216 368 966 243 368 967 261 368 968 217 368 969 211 369 970 210 369 971 245 369 972 210 370 973 214 370 974 248 370 975 214 371 976 215 371 977 254 371 978 251 371 979 213 372 980 257 372 981 215 372 982 216 373 983 245 373 984 243 373 985 212 374 986 217 374 987 261 374 988 264 374 989 213 375 990 212 375 991 264 375 992 257 375 993 263 376 994 260 376 995 225 376 996 224 376 997 246 377 998 249 377 999 218 377 1000 258 378 1001 263 378 1002 224 378 1003 222 378 1004 258 379 1005 222 379 1006 223 379 1007 252 380 1008 255 380 1009 223 380 1010 221 380 1011 249 381 1012 252 381 1013 221 381 1014 242 382 1015 246 382 1016 220 382 1017 258 383 1018 259 383 1019 265 383 1020 263 383 1021 259 384 1022 257 384 1023 264 384 1024 265 384 1025 263 385 1026 265 385 1027 260 385 1028 265 386 1029 261 386 1030 262 386 1031 260 387 1032 262 387 1033 244 387 1034 242 387 1035 262 388 1036 261 388 1037 243 388 1038 244 388 1039 255 389 1040 256 389 1041 258 389 1042 256 390 1043 254 390 1044 257 390 1045 252 391 1046 253 391 1047 256 391 1048 255 391 1049 253 392 1050 251 392 1051 254 392 1052 256 392 1053 249 393 1054 253 393 1055 252 393 1056 250 394 1057 248 394 1058 253 394 1059 246 395 1060 247 395 1061 250 395 1062 249 395 1063 247 396 1064 245 396 1065 248 396 1066 250 396 1067 242 397 1068 247 397 1069 246 397 1070 244 398 1071 243 398 1072 247 398 1073 242 399 1074 220 399 1075 225 399 1076 260 399 1077 216 400 1078 234 400 1079 211 400 1080 243 401 1081 245 401 1082 247 401 1083 247 402 1084 242 402 1085 244 402 1086 220 403 1087 218 403 1088 233 403 1089 249 404 1090 219 404 1091 218 404 1092 218 405 1093 219 405 1094 231 405 1095 246 406 1096 218 406 1097 220 406 1098 245 407 1099 216 407 1100 211 407 1101 210 408 1102 248 408 1103 245 408 1104 210 409 1105 211 409 1106 234 409 1107 256 410 1108 259 410 1109 258 410 1110 257 411 1111 259 411 1112 256 411 1113 215 412 1114 214 412 1115 237 412 1116 223 413 1117 230 413 1118 221 413 1119 257 414 1120 254 414 1121 215 414 1122 223 415 1123 255 415 1124 258 415 1125 222 416 1126 228 416 1127 223 416 1128 213 417 1129 215 417 1130 238 417 1131 224 418 1132 225 418 1133 227 418 1134 265 419 1135 262 419 1136 260 419 1137 261 420 1138 265 420 1139 264 420 1140 212 421 1141 241 421 1142 217 421 1143 221 422 1144 231 422 1145 219 422 1146 253 423 1147 249 423 1148 250 423 1149 214 424 1150 210 424 1151 236 424 1152 248 425 1153 251 425 1154 253 425 1155 214 426 1156 251 426 1157 248 426 1158 221 427 1159 219 427 1160 249 427 1161 266 428 1162 286 428 1163 296 428 1164 276 428 1165 32 429 1166 7 429 1167 140 429 1168 165 429 1169 10 10 1170 143 10 1171 140 10 1172 7 10 1173 10 10 1174 9 10 1175 142 10 1176 143 10 1177 9 10 1178 25 10 1179 158 10 1180 142 10 1181 26 10 1182 159 10 1183 158 10 1184 25 10 1185 26 10 1186 23 10 1187 156 10 1188 159 10 1189 33 430 1190 166 430 1191 156 430 1192 23 430 1193 281 431 1194 271 431 1195 275 431 1196 282 431 1197 282 432 1198 275 432 1199 274 432 1200 283 432 1201 283 433 1202 274 433 1203 273 433 1204 284 433 1205 284 434 1206 273 434 1207 272 434 1208 285 434 1209 266 435 1210 276 435 1211 280 435 1212 267 435 1213 267 436 1214 280 436 1215 279 436 1216 268 436 1217 268 437 1218 279 437 1219 278 437 1220 269 437 1221 269 438 1222 278 438 1223 277 438 1224 270 438 1225 291 439 1226 301 439 1227 305 439 1228 292 439 1229 292 440 1230 305 440 1231 304 440 1232 293 440 1233 293 441 1234 304 441 1235 303 441 1236 294 441 1237 294 442 1238 303 442 1239 302 442 1240 295 442 1241 296 443 1242 286 443 1243 290 443 1244 297 443 1245 297 444 1246 290 444 1247 289 444 1248 298 444 1249 298 445 1250 289 445 1251 288 445 1252 299 445 1253 299 446 1254 288 446 1255 287 446 1256 300 446 1257 330 447 1258 313 447 1259 312 447 1260 332 447 1261 332 448 1262 312 448 1263 311 448 1264 334 448 1265 334 449 1266 311 449 1267 310 449 1268 336 449 1269 323 450 1270 318 450 1271 321 450 1272 324 450 1273 324 451 1274 321 451 1275 320 451 1276 326 451 1277 326 452 1278 320 452 1279 319 452 1280 328 452 1281 316 453 1282 327 453 1283 329 453 1284 317 453 1285 315 454 1286 325 454 1287 327 454 1288 316 454 1289 314 455 1290 322 455 1291 325 455 1292 315 455 1293 309 456 1294 335 456 1295 337 456 1296 306 456 1297 308 457 1298 333 457 1299 335 457 1300 309 457 1301 307 458 1302 331 458 1303 333 458 1304 308 458 1305 285 459 1306 272 459 1307 313 459 1308 330 459 1309 302 460 1310 328 460 1311 319 460 1312 295 460 1313 287 461 1314 317 461 1315 329 461 1316 300 461 1317 270 462 1318 277 462 1319 331 462 1320 307 462 1321 338 463 1322 339 463 1323 341 463 1324 340 463 1325 340 464 1326 341 464 1327 343 464 1328 342 464 1329 342 465 1330 343 465 1331 345 465 1332 344 465 1333 344 466 1334 345 466 1335 347 466 1336 346 466 1337 346 467 1338 347 467 1339 349 467 1340 348 467 1341 348 468 1342 349 468 1343 351 468 1344 350 468 1345 350 469 1346 351 469 1347 353 469 1348 352 469 1349 352 470 1350 353 470 1351 355 470 1352 354 470 1353 354 471 1354 355 471 1355 357 471 1356 356 471 1357 356 472 1358 357 472 1359 359 472 1360 358 472 1361 361 473 1362 355 473 1363 349 473 1364 343 473 1365 358 474 1366 359 474 1367 361 474 1368 360 474 1369 361 475 1370 343 475 1371 369 475 1372 367 475 1373 360 476 1374 361 476 1375 363 476 1376 362 476 1377 339 477 1378 369 477 1379 343 477 1380 341 477 1381 362 478 1382 363 478 1383 365 478 1384 364 478 1385 345 479 1386 343 479 1387 349 479 1388 347 479 1389 364 480 1390 365 480 1391 367 480 1392 366 480 1393 351 477 1394 349 477 1395 355 477 1396 353 477 1397 363 481 1398 361 481 1399 367 481 1400 365 481 1401 366 482 1402 367 482 1403 369 482 1404 368 482 1405 368 483 1406 369 483 1407 339 483 1408 338 483 1409 357 484 1410 355 484 1411 361 484 1412 359 484 1413 165 485 1414 192 485 1415 378 485 1416 376 485 1417 194 486 1418 190 486 1419 375 486 1420 377 486 1421 180 487 1422 173 487 1423 385 487 1424 384 487 1425 179 488 1426 180 488 1427 384 488 1428 383 488 1429 38 489 1430 37 489 1431 44 490 1432 43 489 1433 37 491 1434 36 491 1435 45 491 1436 44 492 1437 399 493 1438 46 493 1439 45 493 1440 36 493 1441 174 494 1442 175 494 1443 382 494 1444 381 494 1445 172 495 1446 174 495 1447 381 495 1448 374 495 1449 197 496 1450 198 496 1451 380 496 1452 372 496 1453 198 497 1454 201 497 1455 379 497 1456 380 497 1457 192 498 1458 194 498 1459 377 498 1460 378 498 1461 32 499 1462 392 499 1463 393 499 1464 59 499 1465 61 500 1466 394 500 1467 391 500 1468 57 500 1469 47 501 1470 400 501 1471 401 501 1472 40 501 1473 46 502 1474 399 502 1475 400 502 1476 47 502 1477 179 503 1478 383 503 1479 169 503 1480 178 503 1481 177 504 1482 178 505 1483 169 505 1484 170 505 1485 176 506 1486 177 507 1487 170 506 1488 171 506 1489 176 508 1490 171 508 1491 382 508 1492 175 508 1493 41 509 1494 397 509 1495 398 509 1496 42 509 1497 39 510 1498 389 510 1499 397 510 1500 41 510 1501 64 511 1502 387 511 1503 395 511 1504 65 511 1505 65 512 1506 395 512 1507 396 512 1508 68 512 1509 59 513 1510 393 513 1511 394 513 1512 61 513 1513 366 514 1514 378 514 1515 377 514 1516 364 514 1517 171 515 1518 170 515 1519 360 515 1520 362 515 1521 170 516 1522 169 516 1523 360 516 1524 358 517 1525 380 517 1526 379 517 1527 356 517 1528 360 518 1529 384 518 1530 385 518 1531 358 518 1532 385 519 1533 371 520 1534 358 519 1535 364 521 1536 374 521 1537 381 521 1538 362 521 1539 374 522 1540 364 522 1541 373 522 1542 373 523 1543 364 523 1544 375 523 1545 377 524 1546 375 524 1547 364 524 1548 381 525 1549 382 525 1550 362 525 1551 171 526 1552 362 526 1553 382 526 1554 383 527 1555 360 527 1556 169 527 1557 384 528 1558 360 528 1559 383 528 1560 372 529 1561 358 529 1562 371 530 1563 380 531 1564 358 531 1565 372 531 1566 36 532 1567 37 532 1568 344 532 1569 346 532 1570 37 533 1571 38 533 1572 344 533 1573 344 534 1574 397 534 1575 389 534 1576 342 534 1577 389 535 1578 390 536 1579 342 535 1580 397 537 1581 344 537 1582 398 537 1583 38 538 1584 398 538 1585 344 538 1586 342 539 1587 394 539 1588 393 539 1589 340 539 1590 394 540 1591 342 540 1592 391 540 1593 391 541 1594 342 541 1595 390 542 1596 348 543 1597 401 543 1598 400 543 1599 346 543 1600 401 544 1601 348 544 1602 388 544 1603 350 545 1604 396 545 1605 395 545 1606 348 545 1607 395 546 1608 387 546 1609 348 546 1610 388 547 1611 348 547 1612 387 547 1613 400 548 1614 399 548 1615 346 548 1616 36 549 1617 346 549 1618 399 549 1619 42 550 1620 398 550 1621 38 550 1622 43 550 1623 379 551 1624 370 551 1625 356 551 1626 370 552 1627 318 552 1628 323 552 1629 350 553 1630 409 553 1631 410 553 1632 314 554 1633 376 554 1634 322 554 1635 392 555 1636 306 555 1637 337 555 1638 310 556 1639 386 556 1640 336 556 1641 396 557 1642 350 557 1643 386 557 1644 350 558 1645 352 558 1646 405 558 1647 409 558 1648 393 559 1649 392 559 1650 340 559 1651 356 560 1652 408 560 1653 404 560 1654 354 560 1655 378 561 1656 366 561 1657 376 561 1658 352 562 1659 354 562 1660 404 562 1661 405 562 1662 308 563 1663 309 563 1664 306 563 1665 392 563 1666 308 564 1667 392 564 1668 270 564 1669 307 564 1670 392 565 1671 32 565 1672 269 565 1673 270 565 1674 269 566 1675 32 566 1676 268 566 1677 268 567 1678 32 567 1679 267 567 1680 267 568 1681 32 568 1682 266 568 1683 32 569 1684 165 569 1685 286 569 1686 266 569 1687 314 570 1688 315 570 1689 316 570 1690 376 570 1691 316 571 1692 317 571 1693 287 571 1694 376 571 1695 370 572 1696 166 572 1697 294 572 1698 295 572 1699 287 573 1700 288 573 1701 165 573 1702 376 573 1703 289 574 1704 165 574 1705 288 574 1706 290 575 1707 165 575 1708 289 575 1709 286 576 1710 165 576 1711 290 576 1712 318 577 1713 370 577 1714 320 577 1715 321 577 1716 319 578 1717 320 578 1718 370 578 1719 295 578 1720 294 579 1721 166 579 1722 293 579 1723 293 580 1724 166 580 1725 292 580 1726 292 581 1727 166 581 1728 291 581 1729 166 582 1730 33 582 1731 271 582 1732 291 582 1733 271 583 1734 33 583 1735 275 583 1736 275 584 1737 33 584 1738 274 584 1739 274 585 1740 33 585 1741 273 585 1742 272 586 1743 273 586 1744 33 586 1745 386 586 1746 312 587 1747 386 587 1748 310 587 1749 311 587 1750 312 588 1751 313 588 1752 272 588 1753 386 588 1754 301 589 1755 303 589 1756 304 589 1757 305 589 1758 303 590 1759 301 590 1760 328 590 1761 302 590 1762 282 582 1763 283 582 1764 284 582 1765 281 582 1766 284 591 1767 285 591 1768 330 591 1769 281 591 1770 281 592 1771 330 592 1772 328 592 1773 301 592 1774 276 593 1775 278 593 1776 279 593 1777 280 593 1778 278 594 1779 276 594 1780 331 594 1781 277 594 1782 297 593 1783 298 593 1784 299 593 1785 296 593 1786 299 595 1787 300 595 1788 329 595 1789 296 595 1790 276 596 1791 296 596 1792 329 596 1793 331 596 1794 366 597 1795 368 597 1796 402 597 1797 406 597 1798 338 598 1799 340 598 1800 407 598 1801 403 598 1802 368 599 1803 338 599 1804 403 599 1805 402 599 1806 356 600 1807 413 600 1808 408 600 1809 410 601 1810 386 601 1811 350 601 1812 366 602 1813 406 602 1814 412 602 1815 340 603 1816 411 603 1817 407 603 1818 411 604 1819 340 604 1820 392 604 1821 412 605 1822 376 605 1823 366 605 1824 413 606 1825 356 606 1826 370 606 1827 386 607 1828 410 607 1829 336 607 1830 323 608 1831 413 608 1832 370 608 1833 322 609 1834 376 609 1835 412 609 1836 337 610 1837 411 610 1838 392 610 1839 336 611 1840 410 611 1841 409 611 1842 334 611 1843 334 582 1844 409 582 1845 405 582 1846 332 582 1847 326 612 1848 328 612 1849 330 612 1850 332 612 1851 324 613 1852 408 613 1853 413 613 1854 323 613 1855 324 614 1856 326 614 1857 404 614 1858 408 614 1859 405 615 1860 404 615 1861 326 615 1862 332 615 1863 327 593 1864 333 593 1865 331 593 1866 329 593 1867 335 616 1868 407 616 1869 411 616 1870 337 616 1871 333 617 1872 403 617 1873 407 617 1874 335 617 1875 325 618 1876 322 618 1877 412 618 1878 406 618 1879 325 619 1880 406 619 1881 402 619 1882 327 619 1883 403 620 1884 333 620 1885 327 620 1886 402 620 1887</p>
        </polylist>
      </mesh>
    </geometry>
    <geometry id="Cube_003-mesh" name="Cube.003">
      <mesh>
        <source id="Cube_003-mesh-positions">
          <float_array id="Cube_003-mesh-positions-array" count="0"/>
          <technique_common>
            <accessor source="#Cube_003-mesh-positions-array" count="0" stride="3">
              <param name="X" type="float"/>
              <param name="Y" type="float"/>
              <param name="Z" type="float"/>
            </accessor>
          </technique_common>
        </source>
        <source id="Cube_003-mesh-normals">
          <float_array id="Cube_003-mesh-normals-array" count="0"/>
          <technique_common>
            <accessor source="#Cube_003-mesh-normals-array" count="0" stride="3">
              <param name="X" type="float"/>
              <param name="Y" type="float"/>
              <param name="Z" type="float"/>
            </accessor>
          </technique_common>
        </source>
        <vertices id="Cube_003-mesh-vertices">
          <input semantic="POSITION" source="#Cube_003-mesh-positions"/>
        </vertices>
      </mesh>
    </geometry>
  </library_geometries>
  <library_controllers/>
  <library_visual_scenes>
    <visual_scene id="Scene" name="Scene">
      <node id="Parent" name="Parent" type="NODE">
        <matrix sid="transform">1 0 0 0 0 1 0 0 0 0 1 0 0 0 0 1</matrix>
        <instance_geometry url="#Cube_003-mesh" name="Parent"/>
        <node id="base" name="base" type="NODE">
          <matrix sid="transform">-1.27607e-8 -0.16902 1.92681e-15 0 -0.16902 1.27607e-8 2.55213e-8 0 -2.55213e-8 0 -0.16902 0 0 0 0 1</matrix>
          <instance_geometry url="#Cube_004-mesh" name="base"/>
          <node id="pan" name="pan" type="NODE">
            <matrix sid="transform">0.05889263 0 0 -0.003378297 0 0.05889263 -9.59483e-9 -0.002492177 0 9.59483e-9 0.05889263 0.4210692 0 0 0 1</matrix>
            <instance_geometry url="#Cube_001-mesh" name="pan"/>
            <node id="yoke" name="yoke" type="NODE">
              <matrix sid="transform">16.98005 -1.65355e-7 8.77276e-8 1.530672 -3.79416e-14 16.98005 -6.02154e-9 0.007476479 -2.27374e-13 2.27374e-13 16.98005 0.7580504 0 0 0 1</matrix>
              <instance_geometry url="#Cube_002-mesh" name="yoke"/>
              <node id="tilt" name="tilt" type="NODE">
                <matrix sid="transform">0.05889263 5.83674e-16 0 -0.0901453 5.606e-16 0.05889263 -9.59483e-9 -4.40425e-4 0 9.59483e-9 0.05889263 0.7332563 0 0 0 1</matrix>
                <instance_geometry url="#Cube-mesh" name="tilt"/>
                <node id="HEAD" name="HEAD" type="NODE">
                  <matrix sid="transform">12.79631 1.71557e-8 -9.48276e-15 0.2206553 6.09289e-14 -5.60829e-7 -12.79631 2.20697e-4 2.27374e-13 12.79631 -5.59344e-7 -0.006206512 0 0 0 1</matrix>
                  <instance_geometry url="#Cylinder-mesh" name="HEAD"/>
                  <node id="LENS" name="LENS" type="NODE">
                    <matrix sid="transform">1 -6.58801e-10 -3.28934e-15 7.72998e-8 0 1 1.94703e-9 0.03656149 1.06483e-15 1.47821e-10 0.9999999 0.5096649 0 0 0 1</matrix>
                    <instance_geometry url="#Cylinder_001-mesh" name="LENS"/>
                  </node>
                </node>
              </node>
            </node>
          </node>
        </node>
      </node>
    </visual_scene>
  </library_visual_scenes>
  <scene>
    <instance_visual_scene url="#Scene"/>
  </scene>
</COLLADA>